user_id,purchase_date,total_spent
644,2022-08-19,81.65
867,2023-01-18,66.68
443,2022-06-11,129.73
806,2022-09-08,29.6
25,2023-03-03,9.51
297,2022-11-01,2.45
484,2022-11-07,14.15
110,2022-06-23,7.73
802,2022-06-04,40.82
551,2023-01-24,10.23
463,2022-05-11,1.99
230,2022-04-16,1.83
55,2022-03-26,89.06
66,2022-05-12,44.76
375,2022-09-20,22.16
915,2022-06-05,112.32
771,2022-11-12,3.64
401,2022-08-14,196.41
890,2023-01-15,47.89
746,2023-03-10,10.13
292,2022-12-25,56.83
402,2023-01-23,72.07
570,2022-10-14,28.05
943,2022-11-15,98.89
115,2022-04-29,8.17
958,2023-01-18,16.34
336,2022-09-10,4.91
962,2022-10-12,11.84
819,2022-09-19,13.64
782,2022-12-31,124.83
50,2023-02-05,4.07
233,2022-11-04,27.88
24,2022-11-27,38.01
716,2022-12-27,114.48
530,2022-09-01,303.66
402,2023-01-31,70.0
899,2023-06-26,176.66
56,2023-01-03,77.35
205,2022-11-11,165.12
907,2022-03-22,61.43
663,2022-10-17,4.16
74,2022-10-21,25.7
657,2022-03-18,52.01
811,2023-04-05,21.59
522,2022-11-03,15.97
563,2022-09-15,43.07
900,2023-01-27,135.53
698,2022-12-12,1.78
631,2023-02-03,73.32
981,2022-07-31,64.14
919,2022-02-19,166.15
462,2022-09-21,133.47
270,2022-05-14,71.82
945,2023-01-10,36.74
753,2022-06-21,11.42
784,2023-02-26,39.4
68,2023-03-07,72.48
843,2022-04-25,113.01
663,2022-10-24,77.96
649,2022-04-19,10.86
354,2023-02-19,45.78
864,2022-12-16,20.19
683,2023-04-26,0.46
956,2022-11-23,11.17
575,2022-08-22,6.01
621,2022-12-26,92.49
548,2022-06-25,14.95
268,2022-05-03,16.75
930,2022-12-28,160.86
795,2023-02-25,23.83
414,2022-04-06,0.48
596,2022-09-12,16.69
789,2022-10-12,6.35
429,2022-08-29,5.42
675,2022-11-24,4.03
182,2022-09-06,44.98
375,2022-09-14,10.5
386,2023-02-16,22.41
853,2023-04-23,99.03
929,2022-08-05,27.61
325,2022-09-27,123.66
431,2022-09-20,34.45
361,2022-12-27,25.44
637,2022-03-07,69.39
373,2022-03-03,3.8
374,2022-07-21,4.69
801,2022-12-12,52.77
19,2022-10-02,33.37
648,2023-05-12,78.13
215,2022-07-16,124.01
96,2023-01-07,24.58
611,2023-03-29,45.37
726,2022-08-17,34.73
911,2023-01-06,199.8
966,2023-02-14,88.92
134,2022-11-20,121.37
273,2022-09-19,14.67
410,2022-08-18,74.04
265,2022-12-10,15.43
493,2022-06-25,11.71
290,2022-10-18,144.36
995,2023-04-26,0.97
383,2022-09-02,168.18
691,2022-09-30,8.08
25,2023-04-22,85.58
557,2022-10-15,16.14
764,2022-05-07,21.59
435,2022-12-02,12.22
275,2023-01-10,44.04
407,2022-10-18,21.39
364,2023-04-23,53.56
53,2023-02-18,0.79
194,2023-01-26,3.33
841,2022-03-09,5.25
521,2023-02-12,27.15
499,2022-10-23,84.31
429,2022-09-22,109.54
475,2022-11-25,14.04
312,2023-01-20,42.71
497,2022-07-05,73.13
553,2023-02-14,17.04
502,2022-09-18,26.3
196,2022-05-30,37.11
760,2022-10-16,7.24
427,2022-10-23,1.32
702,2022-10-05,8.29
814,2022-04-11,49.29
926,2023-01-27,3.82
977,2022-08-15,10.52
91,2022-05-12,20.61
10,2022-11-24,4.05
28,2023-01-10,10.64
739,2022-06-06,121.11
420,2023-03-14,0.97
351,2023-03-15,52.98
83,2022-11-27,24.26
247,2022-10-09,55.84
890,2023-02-05,44.42
126,2022-06-03,12.65
477,2022-04-19,93.93
155,2022-12-15,33.86
658,2022-09-20,86.45
958,2022-09-28,26.04
783,2022-11-05,208.95
907,2022-03-04,73.59
477,2022-04-30,169.0
232,2022-12-12,36.11
738,2022-04-22,32.09
288,2022-08-12,70.42
194,2022-12-26,106.13
581,2022-02-18,166.41
150,2022-03-21,19.62
432,2022-06-25,80.15
549,2022-10-16,11.83
158,2023-03-03,39.44
235,2023-01-11,9.91
501,2022-12-20,21.34
164,2023-02-20,133.94
974,2022-07-25,7.9
201,2022-06-03,50.04
536,2022-08-27,44.94
489,2023-03-12,6.43
432,2022-10-22,19.72
938,2023-05-02,41.39
299,2022-08-08,10.36
903,2022-12-05,80.63
995,2023-01-26,179.06
355,2022-12-03,12.09
31,2022-05-27,10.35
36,2022-11-18,30.34
33,2022-11-05,68.87
697,2022-06-15,16.54
697,2022-04-02,1.0
141,2022-12-15,38.96
114,2022-12-03,156.87
138,2022-10-21,24.82
360,2022-08-15,27.25
100,2022-09-28,173.53
893,2022-10-31,59.31
754,2022-07-10,63.5
903,2022-11-10,41.36
865,2022-11-07,183.67
880,2022-10-16,58.38
600,2022-12-14,112.71
597,2022-10-06,60.1
563,2022-08-10,66.42
465,2022-07-31,17.15
469,2022-10-05,18.08
865,2023-01-17,76.39
739,2022-08-29,17.6
731,2022-11-26,41.36
290,2022-10-21,14.34
768,2022-09-30,84.91
734,2022-12-24,5.85
608,2022-08-01,88.44
640,2022-08-04,46.16
241,2022-07-21,10.35
758,2022-09-09,39.05
947,2022-06-09,16.6
860,2022-10-25,19.54
554,2022-08-11,21.66
132,2023-06-06,3.27
425,2022-11-17,213.3
332,2022-12-15,1.6
273,2022-08-11,54.31
948,2022-07-18,23.2
582,2022-04-08,51.92
783,2022-09-03,22.02
798,2022-12-25,56.0
135,2022-04-05,65.33
92,2022-10-17,58.65
360,2022-09-09,6.05
446,2022-05-14,53.49
823,2022-07-04,16.42
492,2022-11-11,1.46
397,2022-10-11,26.79
996,2022-08-03,28.42
498,2022-06-10,31.48
466,2022-09-15,61.01
978,2022-07-28,18.47
366,2022-09-28,18.94
783,2022-12-14,3.12
715,2022-06-07,58.05
659,2022-06-24,41.95
22,2022-09-16,21.49
349,2022-07-22,61.07
61,2022-09-17,38.54
23,2022-11-08,31.67
226,2023-02-15,35.8
737,2022-12-09,50.58
589,2022-07-22,53.94
881,2022-11-07,17.05
384,2022-07-07,7.58
237,2022-11-17,8.52
935,2022-04-21,51.0
66,2022-06-18,103.13
661,2022-12-05,26.34
777,2022-09-13,9.29
673,2022-06-11,70.65
139,2022-07-07,89.34
213,2022-11-19,106.26
444,2022-07-20,46.68
497,2022-05-01,98.57
77,2023-01-23,0.78
806,2022-06-15,5.67
860,2022-10-15,4.86
557,2022-09-13,62.34
998,2022-07-07,3.61
29,2023-04-05,34.3
361,2023-03-24,32.0
52,2022-11-19,18.6
7,2022-07-20,102.17
13,2022-09-29,9.34
396,2022-10-24,21.73
150,2022-05-16,74.4
270,2022-04-07,1.54
128,2023-01-15,55.88
87,2023-02-17,84.75
628,2022-08-14,134.61
683,2023-02-15,104.49
617,2023-04-08,19.24
934,2022-09-21,44.14
936,2022-07-04,4.02
287,2023-02-05,14.91
877,2022-07-04,4.95
683,2023-01-07,18.93
678,2022-04-06,104.05
534,2023-02-05,21.32
4,2022-06-20,41.27
271,2022-10-25,28.4
222,2023-02-11,30.71
286,2023-03-13,174.62
411,2022-04-19,17.56
879,2023-03-09,49.35
420,2023-05-02,27.24
626,2022-07-24,3.15
544,2022-08-16,33.6
30,2022-06-12,83.92
394,2023-03-07,5.2
661,2023-02-26,3.61
218,2022-12-12,8.34
608,2022-10-16,72.28
786,2022-03-20,64.37
637,2022-04-19,41.62
189,2022-07-31,31.58
336,2022-06-23,109.61
35,2022-10-19,72.77
513,2022-07-21,83.55
985,2023-03-06,83.9
972,2022-09-10,51.46
876,2022-06-19,30.63
223,2022-12-23,100.0
310,2022-06-14,130.19
862,2022-03-16,1.2
357,2022-05-01,2.65
939,2022-11-19,159.4
206,2022-09-29,16.23
244,2022-09-16,103.32
500,2023-03-29,24.62
371,2022-10-10,6.34
418,2022-08-01,4.19
282,2022-04-29,8.51
293,2022-12-01,14.38
738,2022-04-20,33.52
796,2023-01-08,60.45
3,2023-01-25,214.88
38,2023-01-21,29.13
12,2022-07-14,36.51
267,2022-08-31,36.89
947,2022-08-26,38.76
529,2022-09-16,36.46
44,2022-06-22,0.44
192,2022-06-25,0.09
586,2022-03-13,5.14
849,2022-06-24,5.35
31,2022-07-02,61.02
860,2023-03-15,11.47
78,2022-11-12,112.55
307,2022-11-01,131.98
634,2022-05-21,186.26
329,2022-06-07,139.91
829,2022-03-14,15.87
713,2022-09-19,35.64
150,2022-05-04,9.65
720,2023-05-26,82.05
484,2022-11-24,109.66
131,2022-12-07,95.29
674,2022-09-06,28.4
357,2022-08-29,71.08
821,2022-06-04,5.13
862,2022-03-08,2.05
696,2022-09-08,69.97
610,2022-09-26,27.7
391,2023-02-22,270.73
262,2022-07-21,5.12
625,2023-04-12,96.77
949,2022-03-27,32.69
634,2022-04-24,87.77
228,2022-11-14,84.95
394,2023-04-16,123.84
562,2022-06-27,17.68
715,2022-02-14,149.59
320,2022-12-16,8.22
704,2023-01-02,4.28
183,2022-06-20,28.25
778,2023-01-23,88.11
887,2022-03-08,32.07
494,2022-05-24,88.39
155,2022-10-26,65.41
53,2023-02-04,11.75
104,2022-06-10,148.68
855,2022-05-09,3.14
216,2022-07-11,114.28
414,2022-07-04,18.15
946,2022-12-19,34.67
807,2022-06-17,27.44
623,2022-12-08,9.43
268,2022-04-01,22.17
543,2022-09-17,10.72
148,2022-10-19,11.4
944,2022-07-23,10.35
139,2022-08-05,33.57
496,2023-03-25,79.96
290,2022-09-09,42.08
960,2022-07-24,111.84
137,2022-07-12,50.6
99,2023-04-22,58.45
823,2022-06-15,55.07
37,2022-04-26,29.84
262,2022-06-21,58.45
842,2023-03-27,3.61
452,2022-10-28,98.25
539,2022-10-21,75.21
537,2022-08-28,14.07
284,2022-10-01,73.06
323,2023-03-11,0.64
848,2023-05-03,12.25
332,2022-09-13,3.37
243,2023-04-15,75.76
698,2022-09-09,70.5
382,2022-02-25,84.0
535,2022-06-21,0.22
512,2023-02-08,34.78
539,2023-02-07,61.01
671,2022-08-17,8.44
321,2022-08-22,52.46
510,2022-07-18,4.39
321,2022-06-22,10.0
617,2023-05-13,32.29
51,2022-06-07,53.0
872,2022-12-19,7.88
668,2022-11-30,10.24
958,2023-02-21,11.44
6,2022-11-28,13.64
143,2022-07-22,12.84
162,2022-04-06,25.14
336,2022-09-15,53.04
522,2022-12-20,28.82
67,2023-02-11,74.8
128,2023-03-07,63.52
223,2022-08-13,6.76
602,2022-05-18,2.5
29,2023-04-12,105.16
820,2023-01-29,4.16
877,2022-09-20,8.03
649,2022-04-22,1.12
550,2022-10-24,49.49
418,2022-12-11,43.66
97,2023-04-01,216.77
929,2022-09-12,108.99
301,2022-11-23,26.45
421,2023-06-06,23.23
369,2022-05-14,17.61
94,2023-04-19,8.27
438,2023-05-11,7.43
715,2022-05-22,7.09
117,2022-06-22,6.06
204,2022-04-30,13.76
899,2023-04-15,18.31
508,2022-02-23,162.96
624,2022-11-08,43.19
852,2022-04-25,219.49
966,2022-11-26,23.3
895,2022-06-14,30.59
837,2022-04-25,19.62
558,2023-04-19,10.1
406,2022-07-15,7.73
389,2022-08-14,145.09
480,2022-10-12,216.42
589,2022-04-08,2.3
334,2022-03-12,8.15
480,2022-12-03,27.54
324,2023-04-02,10.31
59,2022-07-10,22.62
601,2022-04-16,6.91
978,2022-04-24,30.49
755,2022-04-02,15.85
769,2022-09-14,21.69
875,2022-10-28,4.95
406,2022-07-10,27.94
163,2022-08-02,204.49
22,2022-12-03,19.94
784,2023-04-09,104.55
171,2022-11-01,92.64
257,2022-04-24,151.89
96,2023-05-11,78.06
481,2022-11-15,53.88
681,2022-11-12,97.1
144,2022-04-17,3.93
437,2022-04-18,31.07
171,2022-08-24,226.67
768,2022-09-12,73.4
147,2023-01-29,163.61
595,2022-10-15,75.62
399,2022-12-29,103.92
110,2022-06-16,61.3
26,2022-04-03,71.46
534,2023-02-15,37.03
84,2022-12-22,129.01
348,2022-12-21,87.16
193,2022-09-12,92.86
206,2022-06-07,55.89
5,2022-07-16,18.16
465,2022-11-10,1.81
982,2023-05-26,137.17
719,2022-09-26,44.11
417,2022-07-25,17.7
284,2022-09-17,8.08
597,2023-01-01,88.46
980,2022-11-18,90.55
448,2022-11-23,84.24
928,2022-02-14,51.79
365,2022-09-11,22.79
312,2023-01-22,18.13
695,2023-03-27,0.43
481,2022-10-28,89.67
409,2023-01-22,4.57
301,2022-10-29,49.81
991,2022-04-04,35.07
975,2023-01-13,37.4
912,2022-08-16,130.67
237,2022-11-04,1.61
386,2022-11-23,74.23
855,2022-05-16,2.67
161,2022-06-22,1.95
479,2023-03-20,28.09
763,2023-03-08,3.26
968,2022-03-20,77.83
860,2023-03-11,37.7
949,2022-03-21,1.47
876,2022-05-11,2.07
149,2022-08-23,47.42
432,2022-08-27,82.02
232,2022-09-23,28.79
56,2023-03-03,40.44
422,2022-05-21,80.43
955,2022-07-29,47.15
539,2023-01-12,12.73
716,2022-11-11,47.47
257,2022-06-19,49.48
22,2022-08-11,66.23
886,2022-04-08,48.49
442,2023-03-01,174.08
172,2023-05-24,10.99
145,2022-11-22,150.89
230,2022-05-08,38.65
279,2022-06-09,55.73
142,2022-12-15,5.24
84,2022-09-17,23.95
239,2023-03-29,73.35
726,2023-01-09,61.36
951,2023-01-23,2.05
977,2022-08-02,39.55
383,2022-07-31,4.62
877,2022-09-30,274.31
117,2022-05-09,113.8
625,2023-01-12,1.07
818,2022-10-04,97.83
580,2022-06-14,125.93
554,2022-08-26,21.81
947,2022-05-28,63.56
274,2023-02-28,29.18
442,2023-03-19,53.24
968,2022-05-18,20.8
609,2022-07-26,19.47
915,2022-04-20,27.62
338,2022-06-18,7.87
429,2022-06-27,88.93
804,2022-05-07,21.44
321,2022-09-23,25.55
66,2022-09-26,112.24
936,2022-08-27,34.32
326,2022-01-20,39.29
724,2022-03-22,156.75
901,2022-10-30,108.9
457,2022-08-21,9.28
635,2022-12-05,32.05
335,2022-03-30,177.54
818,2022-10-01,23.29
898,2022-09-17,23.23
922,2022-11-01,10.85
85,2022-12-29,6.07
312,2022-09-04,67.41
587,2022-08-07,73.49
712,2022-10-05,173.71
991,2022-03-01,74.23
771,2023-03-11,13.94
595,2022-12-18,2.05
73,2022-10-16,211.46
814,2022-06-11,20.81
147,2023-02-07,18.7
896,2022-04-17,118.2
219,2022-06-24,43.99
803,2022-12-05,12.1
283,2022-10-05,109.95
264,2022-02-25,250.74
336,2022-06-05,4.53
715,2022-02-18,99.12
223,2022-08-02,24.76
168,2023-05-16,37.12
551,2022-09-28,123.15
91,2022-07-22,181.3
861,2022-12-05,15.2
342,2022-09-22,11.97
268,2022-04-28,4.2
785,2022-08-18,41.25
496,2023-01-11,0.68
609,2022-09-05,26.54
121,2022-11-06,3.81
655,2022-06-03,25.98
56,2023-02-04,2.04
396,2022-10-24,90.16
449,2023-03-19,11.77
81,2023-04-07,19.9
693,2022-11-12,102.03
235,2022-12-04,68.57
424,2023-02-22,12.36
537,2022-11-07,3.73
230,2022-05-17,62.88
1,2022-04-23,24.77
645,2022-04-24,72.64
328,2022-07-31,29.47
957,2022-08-22,21.23
578,2022-10-05,30.0
805,2022-02-23,69.03
503,2022-11-15,116.25
807,2022-08-12,2.55
143,2022-07-02,37.13
727,2022-09-15,1.67
104,2022-08-21,31.59
244,2022-09-01,108.26
353,2022-03-06,22.44
830,2023-06-05,134.74
341,2022-11-01,49.79
578,2022-07-09,136.02
542,2022-08-30,70.77
457,2022-11-02,5.46
704,2022-12-04,13.14
674,2023-02-16,25.06
439,2022-12-28,9.32
422,2022-05-14,34.15
335,2022-03-25,31.87
899,2023-02-08,156.47
48,2022-11-29,28.43
779,2022-10-10,77.0
393,2022-11-12,142.29
467,2022-10-04,104.77
791,2022-12-24,11.7
78,2022-11-10,34.26
229,2023-03-26,21.37
177,2022-08-24,25.53
277,2022-08-14,22.38
639,2022-10-15,87.54
24,2022-10-07,30.09
450,2022-08-01,37.08
490,2022-08-19,202.13
936,2022-11-28,3.09
5,2022-06-06,33.47
940,2023-02-28,74.37
683,2023-05-22,8.19
227,2023-02-18,47.28
670,2022-11-17,13.69
752,2022-08-29,101.02
141,2023-02-05,19.81
102,2022-04-25,19.95
205,2022-10-27,45.59
282,2022-05-23,10.14
395,2022-04-01,16.77
144,2022-05-30,26.95
159,2022-05-17,21.82
366,2022-06-11,37.21
107,2022-11-22,45.77
470,2022-09-04,41.81
321,2022-07-09,53.09
354,2023-03-17,18.39
495,2022-10-18,6.76
769,2022-11-30,71.52
29,2022-12-28,95.12
212,2023-02-08,14.85
231,2022-09-13,26.14
924,2022-09-23,34.51
560,2022-12-23,38.11
884,2022-07-02,53.87
65,2022-06-03,2.12
9,2022-05-16,63.91
804,2022-09-15,3.2
652,2022-11-14,31.58
410,2022-05-28,87.92
265,2022-11-21,30.0
730,2023-01-25,8.07
754,2022-04-15,210.1
939,2022-10-13,110.04
227,2023-03-31,73.77
660,2022-10-17,26.51
334,2022-04-18,10.16
293,2022-09-06,141.86
266,2022-10-17,38.0
361,2023-03-06,95.65
333,2022-08-08,20.93
381,2022-11-30,20.42
459,2022-05-31,211.82
199,2022-11-10,36.89
782,2022-09-01,7.58
778,2023-03-24,12.4
217,2022-11-04,32.88
642,2023-01-16,2.17
517,2022-04-19,31.04
327,2022-02-25,27.15
957,2022-05-18,75.56
183,2022-05-29,21.92
126,2022-09-01,202.42
507,2022-12-01,9.97
162,2022-07-21,44.7
649,2022-05-31,4.7
918,2022-10-31,66.19
266,2022-10-17,262.51
911,2022-12-31,85.5
278,2022-03-31,40.56
109,2022-04-28,33.15
966,2023-04-11,90.1
896,2022-04-09,137.42
967,2022-08-30,226.44
390,2023-02-13,25.25
524,2022-03-12,235.07
402,2023-05-08,8.48
700,2022-03-29,14.62
581,2022-06-03,4.66
348,2023-02-15,15.85
942,2022-09-12,73.04
901,2022-12-06,95.84
544,2022-10-13,75.46
526,2023-03-29,49.86
423,2023-03-21,36.07
108,2022-08-23,61.67
443,2022-08-23,24.78
412,2022-11-13,92.04
812,2023-03-21,56.53
67,2023-01-25,59.83
350,2022-12-09,38.39
872,2023-01-11,108.24
992,2022-04-02,14.52
116,2022-07-13,23.99
227,2023-04-15,75.17
599,2022-10-15,33.94
818,2022-10-18,110.01
552,2022-08-04,21.26
202,2022-09-19,23.05
305,2022-06-19,109.79
409,2022-10-25,31.22
959,2022-10-19,36.3
198,2022-08-11,20.23
661,2023-02-18,16.19
706,2022-12-17,53.35
88,2023-01-08,6.38
774,2022-03-20,105.71
831,2022-07-23,75.53
74,2023-02-18,10.58
579,2022-05-25,59.21
351,2023-04-15,46.14
47,2022-08-22,10.2
690,2023-03-22,15.96
984,2023-01-27,26.3
219,2022-10-11,60.07
721,2022-04-13,50.91
43,2023-02-23,37.99
49,2022-04-09,73.14
77,2023-03-14,70.93
313,2023-03-29,48.1
566,2022-08-29,77.32
578,2022-09-07,20.34
240,2022-12-30,106.54
29,2023-02-12,47.71
931,2023-01-08,86.4
645,2022-07-30,39.51
976,2023-05-27,12.32
759,2023-01-23,39.09
955,2022-09-24,23.19
434,2022-12-10,59.78
711,2022-07-07,32.29
690,2022-12-31,90.43
216,2022-06-15,56.67
630,2022-12-31,57.69
590,2022-11-23,12.24
31,2022-05-16,207.55
848,2022-12-23,92.16
151,2022-06-02,77.8
778,2022-12-01,20.04
572,2022-09-26,38.35
27,2023-02-03,7.37
500,2023-04-28,38.66
577,2023-03-21,7.88
377,2023-01-22,40.26
558,2023-03-10,52.31
839,2022-03-25,24.73
986,2022-09-20,34.51
251,2023-02-14,104.23
167,2022-03-17,5.75
363,2023-03-28,78.45
970,2023-04-16,9.36
487,2023-05-12,1.87
727,2022-10-23,10.26
813,2022-12-20,72.42
782,2022-09-30,25.97
671,2022-07-16,102.99
534,2023-03-29,37.19
708,2022-06-22,1.13
665,2022-12-20,63.06
101,2022-10-16,5.84
586,2022-04-28,77.88
810,2022-07-03,9.2
916,2022-11-15,21.19
764,2022-10-04,71.62
407,2022-12-11,154.21
17,2022-10-18,23.22
382,2022-07-01,88.42
619,2023-05-04,10.58
523,2023-01-21,82.3
324,2022-12-12,53.57
311,2022-05-07,10.71
175,2022-10-20,18.01
694,2022-11-25,7.06
521,2023-02-09,24.14
534,2022-12-15,11.39
521,2023-01-14,51.64
998,2022-10-24,260.2
827,2023-05-01,0.6
641,2022-06-02,38.93
784,2023-04-07,42.63
278,2022-07-04,122.79
136,2023-05-25,35.26
468,2023-03-30,39.23
303,2022-06-16,31.9
151,2022-05-11,15.66
883,2022-08-31,2.88
132,2023-01-17,26.27
977,2022-10-29,2.7
245,2022-08-04,39.98
111,2022-09-15,18.36
867,2023-03-21,38.14
773,2022-11-17,7.21
508,2022-03-09,134.88
145,2022-12-03,112.46
436,2022-08-18,10.54
398,2022-06-11,21.04
795,2022-10-27,47.53
695,2022-11-22,5.03
818,2022-08-27,21.89
990,2022-07-04,14.46
181,2023-03-14,123.56
336,2022-07-14,95.7
572,2023-01-23,43.36
202,2022-08-08,36.73
694,2022-08-09,133.48
855,2022-03-16,134.73
987,2023-02-11,174.22
71,2022-05-01,6.7
802,2022-06-10,8.75
866,2022-03-23,56.46
990,2022-08-23,38.98
903,2022-10-10,0.93
396,2022-10-06,3.2
709,2022-06-19,109.5
546,2022-04-04,101.58
659,2022-06-23,22.1
240,2023-02-05,110.84
936,2022-11-04,45.03
645,2022-08-02,81.97
350,2023-01-23,27.88
77,2023-01-12,6.02
592,2022-08-29,28.43
723,2022-11-03,30.56
760,2023-01-20,40.03
46,2023-02-05,5.58
514,2022-07-23,237.81
691,2022-07-27,13.99
409,2022-10-31,11.07
194,2022-11-07,37.41
447,2022-05-16,38.52
944,2022-09-09,28.97
335,2022-01-29,73.9
758,2022-11-25,36.35
693,2022-08-30,47.04
794,2022-12-09,64.32
604,2022-10-12,1.27
335,2022-07-02,42.27
551,2022-10-11,107.79
184,2023-05-17,0.88
335,2022-04-09,25.97
423,2023-04-22,130.34
146,2022-09-13,21.78
540,2022-08-20,30.69
668,2022-10-31,199.61
37,2022-03-13,11.11
14,2023-03-29,3.37
458,2022-10-19,98.1
994,2022-10-21,101.42
736,2023-01-28,31.94
285,2023-03-28,36.1
825,2022-06-06,90.34
502,2022-12-01,67.08
51,2022-04-14,15.4
71,2022-03-19,0.85
711,2022-05-14,32.67
212,2023-01-03,97.92
574,2022-11-07,113.09
160,2022-09-25,156.44
413,2022-02-25,105.83
291,2023-02-12,43.38
609,2022-10-29,29.4
790,2022-12-30,74.55
220,2022-11-07,67.32
30,2022-05-04,38.63
603,2022-07-09,4.57
759,2022-10-10,130.24
794,2023-01-13,30.4
339,2023-02-13,22.58
35,2022-12-09,49.65
169,2023-02-04,56.02
970,2023-01-27,11.83
470,2022-08-06,90.68
478,2022-05-03,17.12
733,2023-01-26,10.33
325,2022-07-05,26.08
585,2022-07-06,65.57
840,2022-10-19,168.28
415,2022-04-25,82.85
716,2023-02-26,140.96
452,2022-06-17,7.58
816,2022-12-31,3.69
947,2022-06-30,40.79
922,2023-01-02,17.15
133,2022-10-15,88.03
394,2023-03-23,55.74
175,2022-08-20,176.56
130,2023-01-27,14.7
471,2022-03-12,33.26
167,2022-06-27,34.78
64,2022-03-31,13.67
976,2023-01-30,44.59
247,2022-08-31,29.29
777,2022-10-04,29.59
400,2022-07-15,22.53
128,2023-02-02,0.85
623,2022-12-22,36.92
847,2022-02-08,20.42
116,2022-07-17,0.07
917,2022-02-01,18.4
975,2022-11-23,16.33
593,2022-11-06,25.0
6,2022-08-04,7.07
209,2022-10-11,35.43
599,2022-09-20,58.95
373,2022-06-28,49.74
969,2022-03-03,81.42
20,2023-06-13,30.07
580,2022-06-11,36.6
201,2022-08-14,83.14
663,2022-10-09,27.9
440,2022-08-21,60.47
639,2022-10-01,28.51
901,2022-10-09,27.04
554,2022-12-29,71.4
47,2022-09-16,9.61
42,2022-09-03,20.67
283,2022-06-19,12.69
876,2022-04-21,22.24
815,2022-05-12,13.09
736,2023-01-15,43.3
465,2022-09-03,80.02
28,2023-01-03,77.23
548,2022-10-08,22.67
932,2022-08-08,224.42
831,2022-12-03,45.05
466,2022-04-01,25.49
709,2022-06-07,90.25
667,2022-12-26,65.44
630,2022-10-29,69.17
770,2022-06-26,10.92
681,2022-10-13,31.59
375,2022-12-15,98.96
789,2023-01-18,35.06
574,2022-09-27,57.51
529,2022-05-27,44.33
746,2023-03-06,92.37
336,2022-08-18,16.74
436,2022-06-26,42.84
631,2023-04-01,6.58
815,2022-02-25,58.59
192,2022-09-25,65.83
844,2022-09-20,2.19
70,2023-01-16,56.32
29,2023-04-05,26.78
115,2022-07-24,6.62
321,2022-09-26,27.23
84,2022-09-19,10.8
435,2022-12-29,26.86
638,2022-02-11,24.25
195,2022-12-01,67.05
366,2022-09-15,74.41
322,2023-03-03,46.7
247,2023-01-07,1.15
505,2022-07-09,133.7
590,2022-08-16,57.96
479,2023-03-15,1.74
158,2023-03-08,85.42
716,2023-03-30,11.17
963,2022-06-11,43.28
831,2022-12-29,31.43
560,2022-12-22,27.22
278,2022-03-01,110.23
145,2022-10-24,28.76
225,2022-06-13,3.92
6,2022-11-15,146.53
804,2022-07-15,126.62
721,2022-03-05,57.67
868,2022-06-12,31.55
616,2022-09-24,4.87
525,2023-01-23,78.21
888,2022-07-28,3.92
711,2022-06-16,3.55
300,2022-12-22,38.54
870,2022-03-08,8.73
291,2023-05-29,0.39
10,2023-01-07,27.51
426,2022-11-15,7.38
393,2023-01-29,8.75
891,2022-10-02,4.0
357,2022-04-25,11.48
447,2022-03-01,62.85
213,2023-02-06,82.76
195,2022-10-24,30.12
494,2022-05-01,35.32
339,2023-03-22,1.66
600,2022-11-20,3.59
452,2022-05-29,14.89
866,2022-05-27,39.25
867,2023-02-02,67.27
430,2022-11-02,46.44
28,2022-08-28,24.89
394,2023-03-30,6.3
180,2022-11-07,75.88
325,2022-11-26,22.61
482,2023-03-08,66.6
39,2022-07-28,35.97
297,2022-10-07,67.1
170,2022-12-23,118.91
874,2023-01-04,126.93
622,2022-08-10,38.3
646,2022-10-13,35.82
783,2022-11-29,15.44
120,2022-07-12,137.29
362,2022-07-19,30.62
367,2022-07-13,6.82
907,2022-04-07,28.34
822,2022-12-12,6.79
912,2022-07-04,34.91
772,2022-12-13,41.19
337,2022-11-22,20.61
803,2022-11-26,3.72
171,2022-09-06,143.68
840,2022-10-25,74.22
557,2022-10-28,91.28
216,2022-05-03,22.85
792,2022-12-19,71.53
923,2022-07-25,33.22
828,2022-05-07,11.22
178,2022-07-19,6.64
514,2022-08-31,21.16
11,2023-05-12,7.4
198,2022-03-30,317.95
615,2022-07-18,2.52
496,2022-12-18,29.09
998,2022-08-24,30.08
517,2022-06-04,17.88
83,2022-11-16,42.36
926,2022-08-23,8.12
198,2022-04-19,76.6
73,2022-09-23,20.21
485,2022-05-17,44.74
210,2022-07-17,62.88
823,2022-08-10,109.93
653,2022-11-14,90.33
845,2022-10-10,46.86
244,2022-11-04,24.58
30,2022-07-27,34.98
815,2022-07-03,73.21
305,2022-07-05,105.0
980,2023-02-02,5.48
176,2022-12-06,24.29
684,2022-10-25,74.83
817,2022-08-15,28.25
216,2022-03-20,20.19
265,2023-03-01,26.49
599,2022-07-19,46.17
525,2023-01-19,427.16
44,2022-11-01,33.96
338,2022-07-06,11.69
642,2023-02-18,8.89
439,2022-11-04,2.16
565,2023-03-13,40.91
493,2022-07-30,39.33
834,2023-01-11,11.49
970,2023-05-13,59.43
314,2022-02-25,67.57
947,2022-06-29,14.99
538,2023-02-03,21.09
425,2022-12-24,232.67
751,2022-09-13,23.44
87,2023-02-13,71.52
97,2022-12-20,30.14
796,2023-01-11,78.84
187,2023-02-15,73.27
863,2022-07-23,55.09
982,2023-03-16,96.47
564,2023-01-19,140.02
539,2022-12-23,43.37
773,2023-03-16,13.56
96,2023-03-04,25.43
631,2023-04-10,71.0
524,2022-07-19,52.62
984,2023-03-19,9.79
743,2022-08-10,2.63
177,2022-09-28,57.44
208,2022-08-16,14.46
636,2023-03-02,34.62
387,2022-08-17,68.67
895,2022-06-15,41.35
79,2023-02-24,4.35
538,2023-03-14,10.26
38,2023-04-12,12.38
309,2022-11-10,14.91
11,2023-01-04,41.67
118,2022-09-07,35.06
508,2022-04-29,11.36
937,2022-10-17,3.5
76,2023-02-04,9.4
445,2022-06-06,207.96
856,2022-04-14,31.61
179,2023-02-02,101.0
805,2022-03-11,94.44
955,2022-07-02,35.82
183,2022-07-20,61.33
405,2023-04-06,10.71
803,2022-09-20,58.3
991,2022-07-25,15.9
752,2022-05-03,89.21
128,2022-09-30,4.37
594,2022-07-04,74.17
192,2022-09-10,5.26
512,2023-02-09,106.51
181,2023-03-07,18.13
2,2023-01-03,53.12
911,2022-10-14,33.42
2,2023-03-25,22.81
294,2023-02-23,51.84
752,2022-05-09,147.37
267,2022-07-14,2.11
690,2023-02-03,125.57
115,2022-07-18,46.96
934,2022-07-07,82.33
627,2022-11-03,24.22
331,2022-10-01,31.92
92,2022-08-28,101.57
221,2022-11-01,26.79
137,2022-02-28,38.25
756,2022-04-05,1.02
194,2022-11-14,8.63
476,2023-04-18,51.32
296,2023-01-13,63.11
268,2022-07-28,43.69
873,2022-01-31,7.73
39,2022-06-16,29.48
123,2022-09-23,21.93
446,2022-09-21,34.23
321,2022-06-07,102.14
647,2023-03-21,74.77
651,2022-09-26,4.39
266,2023-02-28,110.5
876,2022-05-12,31.91
772,2023-01-10,68.1
484,2023-01-03,7.54
392,2023-03-28,55.54
952,2022-12-31,13.48
211,2023-01-30,28.85
321,2022-05-03,0.85
979,2022-10-29,8.22
72,2022-07-29,4.83
92,2022-09-23,13.71
702,2022-09-05,5.27
418,2022-12-22,58.87
519,2022-04-28,1.47
670,2022-10-19,48.08
102,2022-05-15,7.58
27,2022-09-20,145.17
341,2023-03-01,135.22
592,2022-09-17,12.78
618,2022-09-07,47.65
954,2022-08-30,1.42
25,2023-03-15,134.26
651,2022-08-03,37.01
840,2022-10-13,2.21
129,2022-01-17,20.97
96,2023-04-01,4.0
470,2022-05-24,24.96
948,2022-09-21,55.42
213,2022-10-16,31.73
257,2022-08-09,24.2
833,2022-10-23,6.34
778,2022-12-25,14.05
345,2022-11-21,5.28
281,2022-07-17,82.38
202,2022-10-10,7.27
340,2023-04-07,45.24
656,2022-04-27,20.98
807,2022-05-28,12.81
66,2022-05-04,51.01
434,2023-01-30,30.53
730,2023-01-14,25.55
113,2022-12-30,44.93
596,2022-09-08,33.79
187,2022-12-11,18.08
79,2022-11-19,40.94
196,2022-09-28,55.36
500,2023-05-22,1.35
295,2022-06-20,31.36
21,2023-02-17,2.97
466,2022-04-24,10.31
191,2023-04-10,41.11
384,2022-03-10,100.57
161,2022-05-13,107.2
923,2022-08-25,3.63
56,2023-04-27,27.16
845,2022-08-31,43.73
48,2023-01-20,7.95
423,2023-06-16,72.5
269,2022-11-01,68.17
932,2022-06-16,116.83
658,2022-11-19,0.43
216,2022-05-07,12.21
642,2023-01-23,87.78
561,2022-11-15,55.52
926,2022-09-11,112.4
135,2022-03-28,2.94
956,2023-02-14,45.44
516,2022-06-24,42.09
234,2022-09-06,1.82
588,2022-08-05,36.03
618,2022-10-16,47.02
589,2022-03-02,10.62
271,2022-12-24,15.96
673,2022-06-26,51.13
157,2022-09-13,31.58
149,2022-11-15,97.6
470,2022-03-23,20.96
320,2023-02-24,15.51
882,2023-03-11,209.54
525,2023-01-28,121.03
537,2022-08-13,1.47
158,2023-01-07,73.64
165,2022-06-29,5.85
496,2023-02-16,1.39
789,2023-03-03,15.99
513,2022-04-04,15.69
504,2023-02-21,85.55
352,2022-07-19,62.01
931,2022-11-14,199.8
421,2023-06-13,62.16
788,2022-10-06,27.09
571,2022-03-31,60.02
553,2022-12-03,376.11
96,2023-04-08,61.92
497,2022-05-11,71.71
934,2022-04-20,139.33
699,2023-03-14,6.03
89,2023-01-23,61.0
869,2022-12-28,95.13
732,2022-04-28,154.37
948,2022-08-09,11.85
133,2023-01-13,35.05
516,2022-02-21,57.06
269,2022-07-15,14.22
782,2022-09-15,45.87
877,2022-05-07,14.89
819,2022-10-16,20.28
533,2022-08-26,29.13
720,2023-02-20,37.67
230,2022-06-18,29.83
179,2022-10-20,33.98
730,2023-03-18,17.73
374,2022-11-26,8.66
299,2022-08-02,2.43
604,2023-02-01,10.91
815,2022-04-16,43.61
961,2022-07-25,77.12
542,2022-12-13,9.27
686,2023-05-11,5.75
107,2023-01-25,69.17
1000,2023-01-19,18.2
93,2022-02-18,151.31
295,2022-07-20,62.64
568,2022-08-06,19.78
721,2022-05-01,17.09
96,2023-01-27,37.09
373,2022-06-04,4.12
252,2023-05-28,6.26
96,2023-01-17,9.67
857,2023-01-07,74.52
208,2022-06-01,36.06
902,2022-11-29,0.53
62,2022-07-09,55.97
791,2022-12-19,27.56
140,2023-01-14,35.75
895,2022-07-06,12.05
482,2023-01-26,40.12
394,2023-05-06,193.53
564,2023-01-08,3.81
911,2022-10-06,16.7
493,2022-07-21,13.92
418,2022-12-01,14.29
43,2023-04-24,23.8
103,2022-10-14,85.22
169,2022-11-05,122.01
823,2022-06-10,11.3
729,2022-10-13,39.15
80,2022-11-11,50.65
482,2023-02-20,36.89
391,2022-11-29,28.46
981,2022-09-17,10.66
394,2023-01-03,33.49
582,2022-04-01,25.64
955,2022-07-28,79.37
857,2022-09-08,72.11
492,2022-11-21,7.19
848,2023-04-01,4.63
771,2022-10-18,119.38
37,2022-04-01,38.34
719,2023-02-14,97.53
776,2022-08-21,3.0
716,2023-01-19,37.38
677,2022-07-01,38.76
549,2022-10-20,98.56
138,2022-12-24,5.14
583,2022-06-12,13.75
226,2023-01-29,26.09
25,2023-01-08,100.44
544,2022-07-06,139.75
85,2022-12-19,246.16
311,2022-02-08,159.95
685,2023-01-04,0.3
256,2023-02-16,2.44
681,2022-08-21,7.99
188,2022-10-07,21.45
54,2023-03-05,88.57
724,2022-08-16,111.59
260,2022-07-27,10.34
317,2022-07-05,48.34
16,2022-07-15,124.66
902,2023-03-23,31.16
965,2022-05-10,5.47
889,2022-12-26,30.61
460,2023-01-20,23.56
281,2022-09-29,43.1
282,2022-08-29,28.87
223,2022-07-31,0.87
807,2022-07-09,255.78
806,2022-07-24,39.21
751,2022-10-04,32.09
744,2023-01-04,154.63
416,2022-04-26,8.47
661,2023-01-26,10.49
712,2022-10-22,82.52
184,2023-04-21,15.11
454,2022-08-09,80.28
877,2022-07-28,15.84
421,2023-02-11,1.69
948,2022-09-04,36.39
446,2022-08-09,10.95
879,2022-10-31,70.91
134,2022-10-14,51.25
152,2022-03-04,128.59
721,2022-06-22,76.39
781,2023-03-05,9.97
694,2022-08-14,80.51
841,2022-06-27,51.32
969,2022-02-19,55.27
521,2023-02-22,89.27
771,2022-10-23,42.65
225,2022-08-08,31.37
802,2022-02-27,50.62
190,2022-08-02,17.69
438,2023-06-04,10.08
204,2022-09-07,47.93
259,2022-10-03,13.32
180,2023-01-18,4.16
747,2023-01-08,0.03
535,2022-07-02,46.87
445,2022-03-07,22.48
525,2022-10-17,69.78
599,2022-11-06,23.51
239,2023-03-15,33.28
715,2022-01-29,26.14
311,2022-03-07,52.57
441,2023-04-14,22.01
438,2023-01-08,165.89
412,2022-09-23,137.56
449,2023-03-01,94.2
98,2022-04-16,126.47
397,2022-08-30,29.81
839,2022-05-15,38.44
278,2022-03-06,67.76
270,2022-03-11,59.56
276,2022-08-03,110.67
289,2022-08-10,63.0
888,2022-04-24,307.93
763,2023-03-26,21.42
685,2022-11-23,89.49
989,2022-05-23,59.81
794,2023-04-16,58.78
136,2023-03-16,19.71
691,2022-09-21,77.0
214,2022-10-30,115.32
901,2023-01-20,12.33
819,2022-05-21,49.11
856,2022-09-07,24.89
603,2022-07-25,228.05
952,2023-02-24,32.58
942,2022-09-19,12.96
653,2022-11-12,24.05
228,2022-11-28,53.04
808,2022-11-15,3.96
170,2023-04-09,46.27
745,2022-11-01,133.85
318,2023-01-21,94.98
92,2022-08-04,3.5
738,2022-08-31,250.96
78,2022-08-12,59.99
161,2022-05-02,8.85
163,2022-09-12,0.62
997,2023-03-09,9.39
503,2022-07-30,91.06
988,2022-06-11,1.09
832,2022-11-07,13.27
599,2022-05-30,70.8
417,2022-09-06,44.11
357,2022-05-29,76.33
309,2022-09-28,68.55
237,2022-08-28,2.6
254,2023-02-23,111.52
599,2022-08-06,12.88
186,2022-08-29,40.3
288,2022-09-06,51.68
392,2023-02-01,9.23
968,2022-06-09,186.97
311,2022-08-08,33.49
871,2022-05-07,2.97
564,2022-11-11,138.44
746,2023-01-15,44.13
55,2022-06-02,60.06
517,2022-06-25,37.24
454,2022-09-19,90.01
734,2023-01-31,1.68
146,2023-02-10,15.62
39,2022-07-18,31.71
952,2023-03-19,3.98
855,2022-07-11,61.19
130,2022-10-16,25.02
565,2023-02-05,15.92
940,2023-04-08,0.17
392,2022-11-27,63.62
901,2022-11-26,89.73
646,2022-07-25,25.13
957,2022-07-19,41.53
935,2022-01-15,12.92
119,2023-02-26,48.67
269,2022-10-17,0.61
455,2022-12-10,33.53
551,2022-12-13,51.67
373,2022-05-07,125.17
811,2023-05-14,24.01
770,2022-07-20,72.45
760,2023-03-12,45.53
571,2022-08-27,130.87
333,2022-11-06,25.41
574,2022-12-28,19.22
572,2022-09-30,109.08
364,2022-12-29,2.52
809,2022-11-13,7.33
970,2023-03-18,4.3
223,2022-09-17,92.61
123,2022-11-12,0.53
552,2022-04-15,98.9
451,2022-09-16,30.01
973,2022-07-07,0.2
475,2022-10-06,25.68
600,2022-10-15,10.34
441,2023-02-16,48.96
283,2022-08-31,56.87
606,2022-04-07,33.43
270,2022-07-09,2.07
343,2022-07-25,53.37
172,2023-05-27,92.27
657,2022-05-15,63.71
98,2022-01-17,88.59
933,2022-04-10,11.19
208,2022-09-29,109.86
597,2022-10-18,19.44
210,2022-03-15,0.67
589,2022-05-05,92.7
992,2022-04-15,142.21
300,2023-03-29,53.29
560,2022-11-26,13.16
158,2023-01-06,14.5
655,2022-06-15,31.42
888,2022-07-02,114.06
810,2022-11-02,8.1
142,2023-01-11,87.43
964,2022-12-16,17.22
368,2022-10-17,82.67
209,2023-01-04,126.46
447,2022-01-29,27.89
76,2023-03-14,22.71
73,2023-01-14,81.03
196,2022-09-23,37.7
107,2022-09-23,57.67
775,2022-12-05,48.75
72,2022-11-05,8.3
801,2023-01-23,93.15
894,2023-04-26,10.89
741,2023-03-01,134.62
287,2022-11-29,14.42
908,2022-08-08,66.19
850,2022-07-03,16.75
988,2022-06-24,19.12
173,2022-11-22,18.55
622,2022-06-17,68.89
982,2023-04-13,40.69
41,2023-03-17,107.26
507,2022-07-11,18.36
798,2023-01-28,58.88
32,2022-08-20,69.91
914,2022-11-25,8.21
55,2022-04-05,25.59
373,2022-02-25,32.97
347,2023-01-08,21.98
44,2022-10-22,19.44
165,2022-02-09,57.99
522,2022-12-24,12.16
305,2022-05-14,61.79
113,2023-04-27,136.7
359,2023-03-27,41.64
607,2022-07-09,47.26
837,2022-07-30,3.57
268,2022-04-25,99.93
154,2023-01-07,16.8
897,2022-05-05,47.73
392,2023-01-04,193.43
614,2022-05-18,45.26
851,2022-10-11,64.5
495,2023-01-02,29.47
474,2022-08-24,3.11
464,2022-08-26,79.88
927,2022-06-21,1.78
740,2022-09-19,60.31
47,2022-08-02,1.16
344,2022-05-11,99.14
402,2022-12-08,8.58
719,2023-03-10,36.11
652,2022-09-18,45.46
987,2023-02-10,30.58
403,2022-03-18,20.83
520,2022-04-16,31.54
50,2023-04-27,18.66
465,2022-09-05,28.82
708,2022-07-05,22.23
483,2022-02-05,41.76
761,2023-01-18,13.59
27,2023-02-02,223.96
820,2023-02-10,34.74
683,2023-04-04,10.79
117,2022-08-15,32.42
821,2022-07-31,100.65
915,2022-06-10,1.1
331,2022-07-22,56.9
17,2022-11-25,39.7
854,2022-06-04,9.29
776,2022-10-17,85.04
679,2022-03-21,23.01
797,2023-02-10,17.39
806,2022-09-11,88.05
444,2022-09-11,50.88
627,2022-11-04,114.27
515,2023-02-12,49.7
397,2022-12-23,67.51
836,2022-09-20,90.53
938,2022-12-08,2.81
322,2022-10-20,74.82
388,2022-08-01,47.56
908,2023-01-07,3.6
706,2023-01-10,35.52
482,2023-01-27,4.3
375,2023-01-02,66.58
585,2022-08-10,39.54
973,2022-06-29,153.49
740,2022-09-07,10.11
894,2023-04-14,46.57
953,2023-02-17,11.89
842,2022-11-17,47.6
852,2022-05-12,64.12
418,2022-08-15,64.06
826,2022-07-14,84.39
132,2023-05-26,96.05
194,2023-02-05,4.02
578,2022-07-05,21.02
870,2022-07-14,58.1
868,2022-05-22,34.52
84,2022-10-05,10.58
107,2023-03-08,40.23
697,2022-06-11,26.16
713,2022-08-08,24.72
653,2023-01-01,82.97
120,2022-04-20,26.18
83,2023-01-17,1.34
456,2022-10-06,2.99
995,2023-02-20,96.98
981,2022-05-30,161.7
27,2023-03-05,58.3
971,2022-07-11,22.66
334,2022-06-04,139.52
779,2022-05-07,54.35
439,2023-01-11,93.0
912,2022-09-11,72.59
560,2023-03-25,23.83
198,2022-06-06,32.57
699,2023-05-24,10.3
982,2023-01-24,17.27
767,2022-08-14,75.28
827,2023-01-29,112.21
546,2022-04-20,64.45
430,2022-10-02,31.29
958,2022-12-05,4.52
749,2022-03-14,2.93
616,2022-12-15,23.45
243,2023-01-06,31.16
538,2022-10-29,46.97
695,2023-03-20,0.33
96,2023-05-04,228.89
56,2023-05-18,22.62
411,2022-07-11,94.22
928,2022-06-30,38.28
732,2022-08-27,6.99
705,2022-10-14,79.87
145,2022-10-10,61.86
800,2022-08-26,37.48
674,2022-12-27,36.13
671,2022-06-23,4.58
543,2023-01-20,53.33
973,2022-04-17,121.09
790,2022-12-18,4.89
454,2022-08-31,15.29
251,2023-03-30,116.3
492,2023-03-04,16.73
560,2022-12-28,53.06
437,2022-05-19,38.27
825,2022-07-15,45.36
434,2023-05-12,26.87
177,2022-07-31,17.83
258,2022-09-29,2.49
754,2022-05-27,68.18
962,2023-02-17,68.54
165,2022-03-24,55.54
751,2022-11-01,51.59
222,2023-01-21,13.97
62,2022-03-28,1.13
101,2022-07-06,82.7
851,2022-12-22,33.78
133,2022-10-23,18.32
732,2022-04-24,5.38
281,2022-07-04,3.24
302,2022-11-29,21.45
251,2023-04-30,81.67
926,2022-09-10,125.5
867,2023-02-17,113.53
864,2023-01-13,126.29
534,2023-01-28,119.15
222,2023-01-13,37.46
786,2022-08-09,12.39
531,2022-06-16,79.99
185,2022-09-09,12.02
519,2022-06-01,15.54
725,2022-10-01,13.28
908,2022-10-05,36.18
916,2022-11-17,19.42
981,2022-05-27,8.37
609,2022-08-01,30.18
490,2022-10-29,103.54
904,2022-05-05,42.26
253,2022-09-11,105.32
698,2022-11-17,10.9
245,2022-08-17,9.13
570,2023-01-01,42.85
869,2022-11-23,31.12
144,2022-07-05,53.97
594,2022-08-13,79.15
973,2022-04-21,69.58
379,2022-04-12,142.59
578,2022-10-05,25.4
631,2023-02-24,11.56
421,2023-03-04,40.03
351,2023-02-04,5.87
606,2022-05-29,17.04
803,2022-10-06,11.65
172,2023-05-23,25.26
63,2023-06-22,5.9
498,2022-01-27,1.62
566,2022-11-29,53.47
279,2022-08-20,47.11
172,2023-06-14,61.61
962,2022-10-18,54.0
698,2022-09-04,6.07
935,2022-03-24,17.2
402,2023-04-20,6.94
73,2022-07-29,92.57
670,2023-01-07,68.7
898,2022-09-08,11.25
324,2023-04-22,20.88
493,2022-06-09,169.98
556,2023-04-09,45.09
461,2023-04-18,80.76
105,2022-11-29,15.37
282,2022-07-30,11.79
114,2023-03-29,76.6
126,2022-09-23,57.9
157,2022-09-19,57.12
52,2022-09-08,40.22
312,2023-01-16,41.46
901,2023-02-06,66.53
84,2023-01-05,15.74
443,2022-06-17,21.75
599,2022-06-26,102.64
803,2023-01-09,18.47
711,2022-04-20,39.52
262,2022-04-25,60.64
675,2023-01-24,474.79
585,2022-03-22,28.57
272,2022-08-06,27.94
30,2022-03-20,92.44
45,2022-03-27,81.87
713,2022-08-13,65.67
493,2022-10-23,31.11
206,2022-10-19,19.57
756,2022-03-10,46.92
529,2022-07-28,104.46
194,2022-12-11,107.61
68,2023-02-03,5.74
639,2022-08-15,27.96
751,2022-09-02,31.25
398,2022-06-14,189.97
12,2022-07-17,56.66
246,2023-04-30,26.15
6,2022-10-18,1.32
799,2023-01-01,41.66
604,2022-10-18,5.05
499,2022-12-18,89.92
632,2022-12-12,69.82
752,2022-04-29,30.86
153,2022-06-13,28.04
140,2023-03-27,113.82
149,2022-08-11,17.02
667,2022-12-02,14.32
720,2023-06-09,140.01
117,2022-04-29,82.84
540,2022-07-27,85.91
618,2022-07-17,10.86
146,2022-09-29,7.73
524,2022-05-16,1.32
655,2022-06-14,13.53
336,2022-09-24,74.4
85,2023-06-01,13.72
631,2023-01-10,65.3
970,2023-02-04,14.51
381,2022-12-02,25.15
745,2022-05-26,204.21
939,2022-10-02,14.04
807,2022-05-25,23.61
410,2022-05-13,17.91
98,2022-05-24,5.81
605,2023-01-14,33.66
713,2022-11-28,23.8
48,2023-01-03,59.35
693,2022-07-14,85.08
27,2022-12-04,39.29
84,2022-11-12,1.64
60,2022-11-21,48.24
335,2022-02-18,2.85
360,2022-07-15,47.9
652,2022-12-08,57.76
970,2023-04-23,11.02
77,2022-12-03,85.56
446,2022-05-15,121.0
545,2022-07-26,83.86
632,2022-07-29,18.2
608,2022-07-26,44.17
747,2022-11-23,123.15
205,2022-09-02,19.33
919,2022-02-12,85.75
479,2023-01-30,0.48
620,2023-02-13,0.18
784,2023-05-06,71.3
252,2023-05-30,71.66
630,2023-03-14,77.79
313,2023-05-16,132.98
660,2022-11-03,6.27
41,2022-11-25,13.2
210,2022-08-10,117.03
592,2022-09-06,9.75
88,2022-11-14,57.32
64,2022-05-12,37.8
552,2022-05-15,4.34
461,2023-03-09,16.79
761,2023-03-19,36.74
277,2022-08-01,95.65
99,2022-12-17,61.47
904,2022-03-11,48.63
354,2022-12-15,34.26
969,2022-05-29,17.74
58,2023-01-12,6.35
555,2022-06-26,26.3
657,2022-07-28,1.45
36,2022-09-13,11.85
916,2022-07-05,28.32
442,2022-12-28,27.12
853,2022-12-30,2.27
730,2023-05-01,44.47
248,2023-04-28,39.89
230,2022-05-01,4.07
660,2022-08-19,143.38
864,2022-09-04,5.23
660,2022-08-16,96.49
481,2022-09-17,0.02
337,2022-09-26,106.97
978,2022-02-14,1.0
661,2023-04-05,70.9
407,2022-09-29,22.45
998,2022-11-10,67.01
854,2022-08-15,25.69
238,2023-01-20,3.68
47,2022-07-27,72.94
403,2022-03-04,3.7
378,2022-12-15,127.63
247,2022-10-21,2.62
829,2022-06-25,32.63
589,2022-05-06,64.19
12,2022-08-21,24.98
493,2022-11-04,12.25
831,2022-08-15,71.17
544,2022-12-22,76.69
659,2022-10-28,128.0
875,2023-01-02,23.59
642,2023-02-03,35.29
527,2022-06-01,22.56
763,2023-02-08,14.86
668,2022-11-23,69.52
456,2023-01-15,20.75
429,2022-06-03,27.94
35,2022-09-01,25.85
316,2023-03-24,62.35
195,2022-08-22,124.93
175,2023-01-15,54.94
370,2023-03-04,31.89
894,2022-12-18,75.53
163,2022-05-28,51.22
417,2022-05-29,3.13
939,2022-08-28,5.03
401,2022-07-27,1.93
237,2022-10-26,30.52
253,2022-09-23,87.39
475,2022-11-30,18.78
457,2022-09-26,24.24
27,2023-02-10,120.11
667,2023-02-15,90.67
373,2022-04-30,54.69
131,2022-10-24,15.52
220,2022-08-25,6.22
701,2023-02-09,0.81
864,2022-08-24,5.66
196,2022-05-20,17.31
27,2023-02-22,40.12
515,2023-05-13,3.31
667,2023-02-06,7.32
53,2022-12-21,9.99
234,2022-07-11,49.98
132,2023-02-22,47.83
109,2022-03-17,40.01
222,2022-12-22,14.42
448,2022-09-26,23.19
60,2022-08-12,5.08
575,2022-12-06,12.84
832,2022-11-08,113.99
148,2022-10-23,194.84
19,2022-12-20,52.16
465,2022-11-04,124.34
670,2022-12-29,51.46
650,2023-04-08,1.69
707,2022-11-25,286.65
796,2023-04-07,5.21
880,2022-07-21,57.39
248,2023-02-16,14.57
252,2022-12-30,24.88
420,2023-05-03,51.91
855,2022-06-13,28.68
311,2022-07-02,14.42
759,2022-10-29,20.36
935,2022-06-01,20.89
169,2023-02-14,160.11
358,2022-11-22,80.13
952,2023-04-16,30.68
611,2023-03-10,11.15
848,2022-12-30,83.3
992,2022-05-27,8.55
153,2022-10-14,11.82
414,2022-07-24,22.79
243,2023-02-10,106.16
277,2022-11-06,7.07
511,2023-01-14,6.52
778,2023-04-07,34.06
742,2022-04-12,16.18
720,2023-03-18,42.05
996,2022-08-03,30.04
783,2023-01-23,28.54
420,2023-04-09,5.94
409,2022-11-25,7.6
282,2022-05-07,86.04
202,2022-06-24,108.53
475,2022-10-05,13.37
986,2022-10-07,6.02
315,2022-10-12,2.74
608,2022-09-19,46.86
284,2022-08-06,62.83
420,2023-04-26,23.33
634,2022-08-21,56.92
67,2022-11-02,62.41
368,2022-10-24,136.93
90,2022-12-02,3.35
252,2023-03-06,10.68
840,2022-07-26,3.55
421,2023-06-16,101.25
324,2023-03-12,78.65
195,2022-09-26,42.74
930,2023-01-07,4.37
147,2022-12-22,15.96
489,2023-03-22,17.67
320,2023-01-12,41.13
850,2022-06-13,14.92
710,2022-10-12,3.79
423,2023-05-05,65.61
248,2023-01-01,17.77
184,2022-12-24,30.11
67,2023-02-16,6.83
710,2023-02-27,81.11
527,2022-08-04,41.68
338,2022-02-20,115.93
173,2022-10-31,34.21
536,2022-08-11,141.87
128,2022-12-30,111.22
781,2023-01-28,42.96
674,2023-01-30,135.82
56,2023-01-10,19.51
65,2022-05-20,22.76
314,2022-05-13,2.33
362,2022-07-16,44.48
359,2023-06-14,63.99
660,2022-11-01,74.25
612,2022-05-31,8.12
271,2023-01-17,29.36
55,2022-05-23,9.73
273,2022-07-23,54.25
870,2022-02-23,8.6
510,2022-06-04,117.26
372,2022-10-28,13.11
767,2022-10-09,17.22
672,2022-05-26,95.16
56,2023-01-14,30.67
656,2022-08-23,1.21
635,2022-12-06,34.12
80,2022-10-10,4.42
602,2022-07-07,211.15
875,2022-11-18,44.35
831,2022-08-31,14.82
996,2022-02-19,41.47
657,2022-05-19,4.0
669,2022-11-01,80.44
183,2022-08-17,129.73
620,2022-12-27,103.75
961,2022-04-20,20.91
195,2022-10-28,19.71
685,2022-12-20,1.79
378,2022-11-18,52.69
912,2022-07-30,38.28
54,2023-01-12,30.75
49,2022-04-03,119.1
436,2022-09-25,9.19
337,2022-10-15,0.49
8,2022-09-18,3.81
230,2022-09-30,12.64
382,2022-03-24,1.69
614,2022-03-22,34.94
504,2023-04-05,18.85
692,2022-08-12,9.95
614,2022-06-11,69.33
473,2022-10-29,11.44
820,2022-10-02,58.17
227,2023-03-20,21.48
110,2022-06-21,35.85
976,2023-03-02,135.8
77,2022-12-17,1.9
868,2022-05-03,34.68
171,2022-09-27,96.35
29,2023-04-23,44.33
83,2022-08-26,16.21
718,2022-10-10,25.35
479,2022-12-26,57.01
931,2022-08-27,110.73
799,2023-03-05,2.1
33,2022-12-31,3.71
