user_id,session_end
1,2022-04-17
1,2022-04-22
1,2022-09-10
2,2022-12-31
2,2023-02-15
2,2023-02-25
2,2023-03-25
3,2022-11-28
3,2022-12-05
3,2022-12-14
3,2023-01-22
3,2023-03-24
4,2022-05-26
4,2022-06-15
4,2022-06-19
4,2022-09-13
5,2022-03-17
5,2022-05-29
5,2022-06-03
5,2022-07-13
5,2022-08-24
6,2022-07-30
6,2022-09-08
6,2022-10-12
6,2022-11-09
6,2022-11-27
6,2022-12-20
6,2023-01-02
7,2022-02-28
7,2022-05-04
7,2022-06-03
7,2022-07-18
7,2022-07-18
8,2022-05-20
8,2022-07-18
8,2022-09-14
8,2022-09-14
8,2022-09-16
8,2022-09-23
9,2022-05-06
9,2022-05-11
9,2022-09-01
10,2022-08-17
10,2022-11-19
10,2023-01-06
10,2023-01-29
11,2022-12-22
11,2023-01-01
11,2023-01-08
11,2023-03-21
11,2023-05-09
12,2022-05-13
12,2022-06-26
12,2022-07-10
12,2022-07-13
12,2022-08-15
12,2022-08-16
13,2022-06-08
13,2022-07-18
13,2022-09-27
14,2023-03-27
14,2023-04-10
14,2023-05-01
15,2022-06-11
15,2022-07-10
15,2022-07-11
16,2022-05-11
16,2022-07-04
16,2022-07-06
16,2022-07-12
16,2022-09-02
17,2022-07-25
17,2022-10-13
17,2022-11-25
18,2023-04-22
19,2022-10-01
19,2022-12-14
19,2023-01-20
19,2023-02-23
19,2023-03-04
20,2023-01-03
20,2023-03-07
20,2023-06-07
21,2022-12-08
21,2023-01-09
21,2023-01-12
21,2023-02-11
22,2022-08-11
22,2022-09-10
22,2022-11-10
22,2022-11-28
22,2022-12-15
22,2023-01-05
23,2022-11-02
23,2023-02-24
24,2022-09-30
24,2022-10-01
24,2022-11-22
24,2022-12-05
25,2023-01-03
25,2023-02-04
25,2023-02-27
25,2023-03-13
25,2023-04-20
26,2022-03-16
26,2022-03-29
26,2022-03-29
26,2022-04-03
27,2022-09-16
27,2022-09-16
27,2022-11-03
27,2022-11-22
27,2022-12-03
27,2023-01-29
27,2023-02-03
27,2023-02-07
27,2023-02-17
27,2023-03-04
28,2022-08-28
28,2022-09-12
28,2022-09-29
28,2022-12-20
28,2022-12-31
28,2023-01-10
28,2023-02-05
29,2022-12-24
29,2023-02-07
29,2023-04-03
29,2023-04-04
29,2023-04-09
29,2023-04-17
29,2023-05-17
30,2022-03-18
30,2022-03-26
30,2022-05-03
30,2022-05-26
30,2022-06-06
30,2022-07-21
31,2022-05-14
31,2022-05-25
31,2022-06-29
31,2022-07-30
31,2022-08-11
32,2022-07-15
32,2022-08-14
33,2022-11-05
33,2022-11-21
33,2022-11-28
33,2022-12-07
33,2022-12-26
34,2022-10-08
34,2022-10-23
34,2022-10-26
34,2023-01-20
34,2023-02-23
35,2022-09-01
35,2022-10-14
35,2022-10-27
35,2022-12-05
35,2022-12-07
36,2022-09-12
36,2022-10-10
36,2022-11-18
37,2022-03-08
37,2022-03-31
37,2022-04-21
37,2022-06-28
38,2023-01-10
38,2023-01-15
38,2023-01-17
38,2023-02-11
38,2023-02-16
38,2023-04-06
38,2023-04-09
39,2022-03-07
39,2022-03-20
39,2022-04-23
39,2022-05-23
39,2022-06-12
39,2022-06-21
39,2022-07-16
39,2022-07-27
40,2022-09-26
40,2023-01-23
40,2023-01-29
41,2022-11-22
41,2023-03-12
41,2023-04-01
42,2022-07-31
42,2022-09-03
42,2022-10-24
43,2022-11-17
43,2022-12-09
43,2022-12-11
43,2023-02-18
43,2023-03-13
43,2023-04-19
43,2023-04-22
44,2022-05-27
44,2022-06-01
44,2022-06-17
44,2022-08-18
44,2022-10-02
44,2022-10-19
44,2022-10-21
44,2022-10-31
45,2022-01-23
45,2022-03-26
45,2022-04-14
45,2022-05-03
45,2022-05-20
45,2022-06-02
45,2022-06-11
45,2022-06-22
45,2022-07-12
45,2022-07-16
46,2023-01-12
46,2023-02-05
46,2023-03-25
46,2023-04-16
47,2022-06-26
47,2022-07-24
47,2022-07-31
47,2022-08-17
47,2022-09-11
48,2022-11-23
48,2022-12-02
48,2023-01-01
48,2023-01-18
48,2023-01-25
49,2022-04-01
49,2022-04-04
49,2022-07-27
50,2023-01-12
50,2023-02-01
50,2023-03-14
50,2023-04-05
50,2023-04-23
50,2023-05-08
51,2022-03-22
51,2022-03-27
51,2022-04-12
51,2022-06-04
52,2022-09-03
52,2022-09-07
52,2022-09-23
52,2022-10-08
52,2022-11-13
52,2023-02-15
53,2022-12-20
53,2023-02-01
53,2023-02-14
53,2023-03-16
54,2023-01-08
54,2023-03-02
55,2022-03-26
55,2022-04-02
55,2022-04-02
55,2022-05-23
55,2022-05-30
56,2022-12-28
56,2023-01-05
56,2023-01-13
56,2023-01-19
56,2023-02-01
56,2023-02-25
56,2023-03-22
56,2023-04-22
56,2023-05-12
56,2023-05-13
56,2023-05-14
56,2023-05-24
57,2022-04-14
57,2022-05-17
57,2022-07-23
57,2022-09-03
58,2022-11-29
58,2023-01-07
58,2023-02-25
58,2023-03-02
59,2022-04-07
59,2022-07-09
60,2022-08-05
60,2022-08-10
60,2022-11-19
60,2022-12-09
60,2022-12-16
60,2022-12-21
61,2022-04-04
61,2022-05-10
61,2022-09-12
62,2022-03-23
62,2022-05-08
62,2022-06-09
62,2022-07-02
62,2022-07-07
63,2022-12-29
63,2023-01-23
63,2023-06-17
64,2022-02-02
64,2022-03-26
64,2022-04-27
64,2022-05-11
64,2022-06-25
65,2022-02-28
65,2022-03-15
65,2022-04-10
65,2022-05-17
65,2022-06-03
66,2022-04-27
66,2022-05-03
66,2022-05-09
66,2022-05-10
66,2022-06-18
66,2022-09-25
67,2022-10-01
67,2022-10-03
67,2022-10-10
67,2022-11-01
67,2022-11-15
67,2023-01-16
67,2023-01-25
67,2023-02-11
67,2023-02-16
67,2023-03-07
68,2023-01-16
68,2023-02-01
68,2023-03-02
68,2023-03-15
68,2023-03-24
69,2022-07-20
69,2022-08-10
69,2022-08-11
69,2022-08-23
69,2022-10-19
69,2022-12-22
70,2022-09-20
70,2022-09-28
70,2022-10-24
70,2022-10-30
70,2023-01-12
71,2022-03-17
71,2022-04-30
71,2022-06-08
71,2022-07-20
71,2022-07-23
72,2022-07-29
72,2022-09-24
72,2022-10-07
72,2022-10-31
72,2022-11-29
73,2022-07-28
73,2022-09-20
73,2022-09-20
73,2022-09-30
73,2022-10-12
73,2022-10-20
73,2023-01-14
74,2022-10-08
74,2022-10-08
74,2022-10-10
74,2022-10-21
74,2022-11-10
74,2022-12-22
74,2023-01-10
74,2023-02-14
75,2023-01-22
75,2023-01-29
75,2023-02-10
75,2023-03-08
75,2023-03-22
75,2023-05-11
75,2023-05-15
76,2022-12-18
76,2023-01-14
76,2023-02-01
76,2023-02-04
76,2023-03-14
77,2022-10-03
77,2022-12-02
77,2022-12-15
77,2023-01-03
77,2023-01-10
77,2023-01-22
77,2023-03-08
77,2023-03-10
77,2023-03-10
78,2022-08-10
78,2022-08-23
78,2022-08-28
78,2022-11-09
78,2022-11-10
78,2022-12-23
79,2022-10-19
79,2022-11-07
79,2022-11-09
79,2022-11-16
79,2023-02-21
80,2022-08-05
80,2022-09-12
80,2022-10-05
80,2022-11-08
80,2022-11-30
81,2023-04-04
81,2023-04-08
82,2022-08-10
82,2022-08-14
82,2022-10-19
82,2022-11-01
83,2022-08-23
83,2022-11-10
83,2022-11-21
83,2022-11-24
83,2023-01-07
83,2023-01-17
84,2022-08-25
84,2022-09-13
84,2022-09-19
84,2022-09-22
84,2022-09-30
84,2022-11-10
84,2022-12-16
84,2023-01-01
85,2022-12-15
85,2022-12-23
85,2023-01-15
85,2023-05-31
86,2022-04-12
87,2022-11-20
87,2022-11-27
87,2022-12-25
87,2023-02-09
87,2023-02-11
87,2023-03-06
88,2022-08-09
88,2022-10-29
88,2022-11-08
88,2022-11-14
88,2023-01-08
89,2022-10-04
89,2022-10-25
89,2022-12-30
89,2023-01-22
89,2023-01-31
90,2022-08-06
90,2022-08-28
90,2022-11-25
90,2022-11-30
91,2022-04-13
91,2022-04-23
91,2022-05-09
91,2022-07-20
91,2022-07-28
92,2022-06-28
92,2022-07-29
92,2022-08-19
92,2022-08-26
92,2022-08-27
92,2022-09-01
92,2022-09-22
92,2022-10-12
92,2022-10-24
93,2022-02-18
93,2022-03-04
93,2022-04-17
93,2022-04-26
93,2022-06-24
93,2022-07-05
94,2022-10-30
94,2022-11-05
94,2023-01-20
94,2023-04-19
95,2022-03-17
95,2022-07-16
95,2022-08-05
95,2022-08-06
96,2023-01-04
96,2023-01-15
96,2023-01-26
96,2023-02-28
96,2023-03-27
96,2023-04-06
96,2023-04-13
96,2023-05-02
96,2023-05-10
97,2022-12-19
97,2023-01-13
97,2023-03-19
97,2023-03-27
97,2023-04-28
98,2022-01-15
98,2022-04-07
98,2022-04-08
98,2022-04-12
98,2022-04-13
98,2022-05-20
99,2022-12-16
99,2023-01-14
99,2023-02-01
99,2023-03-03
99,2023-04-06
99,2023-04-17
100,2022-05-29
100,2022-09-03
100,2022-09-22
100,2022-10-05
101,2022-06-03
101,2022-06-21
101,2022-07-04
101,2022-07-22
101,2022-08-14
101,2022-08-23
101,2022-10-14
102,2022-04-21
102,2022-05-11
102,2022-06-19
102,2022-08-25
103,2022-06-24
103,2022-10-08
103,2022-11-10
104,2022-03-23
104,2022-05-24
104,2022-06-06
104,2022-08-21
105,2022-07-05
105,2022-07-27
105,2022-11-25
105,2022-11-27
106,2022-11-20
106,2023-01-20
106,2023-02-23
106,2023-03-28
107,2022-09-22
107,2022-10-14
107,2022-11-16
107,2023-01-25
107,2023-03-08
108,2022-08-21
108,2022-10-15
108,2022-10-27
108,2022-11-12
108,2022-12-26
109,2022-03-12
109,2022-03-17
109,2022-03-25
109,2022-03-28
109,2022-04-05
109,2022-04-27
110,2022-06-12
110,2022-06-16
110,2022-06-20
110,2022-06-21
111,2022-05-19
111,2022-07-18
111,2022-08-26
111,2022-08-30
111,2022-09-12
112,2022-08-04
112,2022-08-20
112,2022-12-27
113,2022-12-29
113,2023-03-17
113,2023-04-23
114,2022-11-30
114,2022-12-08
114,2023-02-22
114,2023-03-23
115,2022-02-13
115,2022-03-08
115,2022-03-15
115,2022-03-22
115,2022-04-24
115,2022-07-17
115,2022-07-24
116,2022-03-02
116,2022-04-30
116,2022-07-09
116,2022-07-15
116,2022-07-29
117,2022-03-16
117,2022-04-04
117,2022-04-25
117,2022-05-06
117,2022-06-05
117,2022-06-20
117,2022-08-13
118,2022-08-15
118,2022-08-28
118,2022-09-04
118,2022-10-10
118,2022-10-21
118,2022-12-30
118,2023-01-23
119,2022-12-01
119,2023-01-20
119,2023-02-26
119,2023-03-02
119,2023-03-28
120,2022-04-18
120,2022-07-06
120,2022-09-17
121,2022-08-15
121,2022-09-11
121,2022-11-04
122,2023-01-01
122,2023-04-19
123,2022-09-22
123,2022-09-22
123,2022-11-12
123,2022-12-03
123,2023-01-12
124,2022-02-10
124,2022-02-17
124,2022-04-30
124,2022-05-06
124,2022-07-08
125,2022-10-11
125,2022-11-01
125,2022-12-30
125,2023-01-10
126,2022-06-01
126,2022-08-27
126,2022-09-06
126,2022-09-17
126,2022-09-21
126,2022-09-30
127,2022-06-13
127,2022-07-01
127,2022-08-30
128,2022-09-30
128,2022-12-27
128,2023-01-11
128,2023-01-20
128,2023-01-21
128,2023-01-28
128,2023-03-01
129,2022-01-12
129,2022-01-25
129,2022-02-01
129,2022-02-07
130,2022-10-13
130,2022-10-31
130,2022-11-14
130,2023-01-12
130,2023-01-24
131,2022-10-24
131,2022-12-07
132,2023-01-14
132,2023-02-20
132,2023-05-21
132,2023-06-01
133,2022-10-14
133,2022-10-14
133,2022-10-17
133,2023-01-11
133,2023-01-13
134,2022-10-14
134,2022-11-14
135,2022-02-19
135,2022-03-04
135,2022-03-23
135,2022-04-02
135,2022-05-20
136,2022-12-13
136,2023-03-12
136,2023-04-08
136,2023-04-30
136,2023-05-24
137,2022-02-27
137,2022-04-10
137,2022-04-29
137,2022-07-06
137,2022-07-13
137,2022-07-28
138,2022-07-29
138,2022-10-18
138,2022-10-25
138,2022-12-18
138,2022-12-23
139,2022-04-18
139,2022-06-15
139,2022-07-07
139,2022-07-16
139,2022-07-17
139,2022-07-30
139,2022-08-01
140,2022-12-19
140,2023-01-13
140,2023-01-15
140,2023-02-05
140,2023-03-22
140,2023-06-15
141,2022-08-21
141,2022-11-23
141,2022-12-14
141,2023-01-30
142,2022-08-31
142,2022-09-02
142,2022-11-08
142,2022-12-14
142,2023-01-04
142,2023-01-07
142,2023-01-19
143,2022-03-02
143,2022-04-07
143,2022-06-28
143,2022-07-19
144,2022-04-17
144,2022-05-29
144,2022-06-02
144,2022-06-30
144,2022-07-04
145,2022-10-04
145,2022-10-18
145,2022-11-18
145,2022-11-28
145,2022-12-19
146,2022-08-22
146,2022-09-04
146,2022-09-07
146,2022-09-25
146,2022-10-14
146,2022-12-15
146,2023-02-07
146,2023-02-08
147,2022-09-17
147,2022-12-22
147,2023-01-03
147,2023-01-29
147,2023-02-02
148,2022-06-21
148,2022-08-06
148,2022-09-08
148,2022-10-19
148,2022-10-21
149,2022-08-05
149,2022-08-21
149,2022-10-10
149,2022-10-10
149,2022-10-13
149,2022-11-12
150,2022-03-16
150,2022-04-13
150,2022-04-16
150,2022-04-28
150,2022-05-11
150,2022-06-01
150,2022-06-14
151,2022-05-09
151,2022-05-22
151,2022-05-28
151,2022-06-02
152,2022-02-27
152,2022-03-17
152,2022-03-22
152,2022-04-15
152,2022-06-15
153,2022-06-12
153,2022-07-17
153,2022-10-12
153,2022-10-15
153,2022-11-18
154,2023-01-02
154,2023-05-15
155,2022-09-29
155,2022-10-19
155,2022-10-21
155,2022-11-17
155,2022-12-10
155,2022-12-15
156,2022-09-20
156,2022-10-14
156,2022-11-11
156,2022-11-20
156,2022-11-22
156,2022-12-15
156,2022-12-15
157,2022-08-16
157,2022-08-21
157,2022-08-22
157,2022-09-12
157,2022-09-18
158,2022-11-28
158,2023-01-03
158,2023-01-07
158,2023-02-02
158,2023-02-15
158,2023-02-27
158,2023-03-06
158,2023-03-28
159,2022-05-16
159,2022-07-11
160,2022-07-05
160,2022-09-12
160,2022-09-24
160,2022-09-24
160,2022-12-02
160,2022-12-12
161,2022-03-23
161,2022-04-30
161,2022-05-10
161,2022-05-12
161,2022-06-18
161,2022-07-30
161,2022-07-31
162,2022-03-22
162,2022-03-23
162,2022-04-03
162,2022-07-15
163,2022-05-27
163,2022-07-31
163,2022-08-13
163,2022-09-06
164,2022-11-21
164,2022-11-23
164,2023-01-15
164,2023-02-18
164,2023-03-12
165,2022-02-07
165,2022-02-08
165,2022-03-19
165,2022-04-11
165,2022-06-23
166,2022-06-03
166,2022-06-11
166,2022-06-28
166,2022-09-01
167,2022-02-15
167,2022-03-11
167,2022-05-03
167,2022-06-01
167,2022-06-06
167,2022-06-23
168,2022-12-13
168,2023-03-16
168,2023-04-08
168,2023-05-14
169,2022-10-28
169,2022-11-02
169,2022-12-14
169,2023-01-29
169,2023-02-08
169,2023-02-08
169,2023-02-18
170,2022-12-21
170,2023-03-03
170,2023-04-01
170,2023-04-06
170,2023-04-23
170,2023-04-29
170,2023-05-07
171,2022-07-06
171,2022-08-23
171,2022-09-05
171,2022-09-23
171,2022-10-26
171,2022-10-29
172,2023-01-03
172,2023-01-16
172,2023-05-18
172,2023-05-23
172,2023-05-25
172,2023-06-11
173,2022-09-02
173,2022-10-26
173,2022-11-17
173,2022-11-20
173,2022-12-04
173,2023-01-04
174,2022-08-24
174,2022-12-11
174,2022-12-22
174,2022-12-23
175,2022-08-16
175,2022-10-18
175,2022-12-18
175,2023-01-12
176,2022-11-24
176,2022-12-05
176,2023-02-03
177,2022-07-30
177,2022-08-06
177,2022-08-23
177,2022-09-11
177,2022-09-28
178,2022-05-09
178,2022-05-20
178,2022-07-18
178,2022-07-22
178,2022-08-16
178,2022-09-26
178,2022-10-10
179,2022-09-08
179,2022-10-20
179,2022-12-17
179,2022-12-18
179,2022-12-19
179,2022-12-22
179,2023-01-09
179,2023-01-31
179,2023-02-02
179,2023-02-11
180,2022-11-06
180,2022-12-13
180,2023-01-13
181,2023-02-03
181,2023-03-02
181,2023-03-12
182,2022-07-27
182,2022-07-28
182,2022-08-05
182,2022-08-20
182,2022-09-02
182,2022-09-04
182,2022-09-18
182,2022-09-23
182,2022-12-12
183,2022-05-24
183,2022-06-20
183,2022-06-30
183,2022-07-20
183,2022-08-11
184,2022-12-03
184,2022-12-04
184,2022-12-21
184,2023-01-03
184,2023-03-25
184,2023-04-19
184,2023-05-11
185,2022-08-19
185,2022-09-07
185,2022-09-12
185,2022-11-22
186,2022-08-24
186,2022-10-12
186,2023-01-04
186,2023-01-12
187,2022-12-07
187,2023-01-25
187,2023-02-09
187,2023-03-24
187,2023-04-19
187,2023-04-27
188,2022-10-06
188,2022-12-12
188,2023-01-04
189,2022-07-29
189,2022-09-18
190,2022-06-17
190,2022-06-21
190,2022-07-11
190,2022-07-21
190,2022-07-29
190,2022-08-27
190,2022-11-14
191,2022-11-21
191,2023-04-06
192,2022-06-20
192,2022-07-23
192,2022-09-06
192,2022-09-19
192,2022-09-25
192,2022-11-16
193,2022-09-10
193,2022-09-27
193,2022-09-27
193,2022-09-29
194,2022-11-04
194,2022-11-12
194,2022-12-11
194,2022-12-20
194,2023-01-23
194,2023-02-04
195,2022-07-01
195,2022-07-26
195,2022-08-06
195,2022-08-18
195,2022-09-20
195,2022-10-24
195,2022-10-27
195,2022-11-30
196,2022-05-15
196,2022-05-20
196,2022-05-30
196,2022-06-10
196,2022-06-23
196,2022-08-01
196,2022-08-27
196,2022-09-21
196,2022-09-22
197,2022-12-13
197,2023-01-25
197,2023-03-01
197,2023-03-15
198,2022-03-26
198,2022-04-18
198,2022-05-31
198,2022-06-18
198,2022-06-24
198,2022-07-22
198,2022-07-31
198,2022-08-06
199,2022-11-10
199,2022-11-19
199,2022-11-28
200,2023-03-16
200,2023-04-02
201,2022-05-30
201,2022-06-10
201,2022-08-13
202,2022-06-18
202,2022-07-28
202,2022-08-01
202,2022-08-08
202,2022-09-15
202,2022-10-05
203,2022-06-11
203,2022-06-12
203,2022-08-07
203,2022-10-13
204,2022-04-27
204,2022-07-21
204,2022-07-24
204,2022-09-07
205,2022-07-27
205,2022-09-02
205,2022-10-22
205,2022-11-08
205,2022-11-27
205,2022-12-27
206,2022-06-03
206,2022-07-29
206,2022-08-09
206,2022-08-31
206,2022-09-29
206,2022-10-18
207,2022-05-08
207,2022-06-24
208,2022-05-26
208,2022-08-15
208,2022-08-28
208,2022-09-25
208,2022-09-27
208,2022-11-04
209,2022-08-12
209,2022-10-10
209,2022-11-16
209,2022-12-03
209,2022-12-30
209,2023-01-01
209,2023-01-18
210,2022-02-27
210,2022-03-14
210,2022-04-09
210,2022-07-11
210,2022-08-10
211,2023-01-29
211,2023-02-16
211,2023-03-14
211,2023-03-26
212,2023-01-01
212,2023-01-09
212,2023-01-13
212,2023-02-06
213,2022-09-19
213,2022-10-14
213,2022-10-23
213,2022-11-01
213,2022-11-01
213,2022-11-16
213,2022-12-03
213,2023-01-06
213,2023-02-01
214,2022-06-05
214,2022-10-27
215,2022-06-20
215,2022-07-02
215,2022-07-15
215,2022-09-24
216,2022-03-18
216,2022-03-19
216,2022-03-23
216,2022-03-29
216,2022-04-27
216,2022-04-29
216,2022-05-03
216,2022-06-14
216,2022-07-06
217,2022-10-26
217,2022-10-31
217,2022-11-03
218,2022-08-09
218,2022-10-19
218,2022-11-12
218,2022-11-15
218,2022-12-11
218,2023-01-10
219,2022-06-24
219,2022-08-13
219,2022-08-30
219,2022-09-18
219,2022-10-09
220,2022-07-29
220,2022-08-19
220,2022-08-24
220,2022-11-04
220,2022-12-22
221,2022-09-30
221,2022-10-28
221,2022-12-30
222,2022-12-08
222,2022-12-14
222,2022-12-20
222,2023-01-11
222,2023-01-15
222,2023-02-08
223,2022-07-25
223,2022-07-29
223,2022-08-02
223,2022-08-12
223,2022-08-20
223,2022-09-12
223,2022-09-18
223,2022-10-08
223,2022-12-20
224,2022-08-20
224,2022-09-15
224,2022-09-19
224,2022-10-15
225,2022-05-20
225,2022-06-09
225,2022-08-06
226,2022-11-15
226,2022-12-27
226,2023-01-10
226,2023-01-28
226,2023-02-05
226,2023-02-14
227,2022-11-02
227,2022-11-12
227,2022-12-19
227,2023-01-29
227,2023-02-17
227,2023-03-07
227,2023-03-18
227,2023-03-26
227,2023-03-30
227,2023-04-13
228,2022-11-12
228,2022-11-17
228,2022-11-23
228,2023-01-15
228,2023-02-23
228,2023-02-28
229,2022-12-03
229,2023-03-05
229,2023-03-24
229,2023-04-10
230,2022-04-10
230,2022-04-14
230,2022-04-15
230,2022-04-25
230,2022-05-05
230,2022-05-13
230,2022-06-16
230,2022-08-22
230,2022-09-26
231,2022-07-29
231,2022-09-03
231,2022-09-08
231,2022-09-11
231,2022-11-11
232,2022-08-29
232,2022-09-20
232,2022-12-07
232,2023-02-08
233,2022-10-08
233,2022-11-02
234,2022-06-10
234,2022-07-05
234,2022-08-06
234,2022-09-06
234,2022-09-24
235,2022-11-30
235,2022-12-01
235,2022-12-28
235,2022-12-31
235,2023-01-05
235,2023-01-10
236,2022-10-03
237,2022-08-17
237,2022-08-25
237,2022-10-24
237,2022-10-30
237,2022-11-17
238,2023-01-05
238,2023-01-19
238,2023-04-02
239,2022-12-18
239,2023-03-14
239,2023-03-28
239,2023-04-12
239,2023-04-30
239,2023-06-04
240,2022-10-10
240,2022-10-11
240,2022-11-13
240,2022-12-14
240,2022-12-30
240,2023-01-31
241,2022-07-15
241,2022-07-18
241,2022-07-23
241,2022-07-31
241,2022-09-06
241,2022-11-18
242,2022-09-13
242,2022-10-30
242,2022-12-01
242,2022-12-22
243,2023-01-01
243,2023-01-26
243,2023-02-10
243,2023-04-12
243,2023-04-24
244,2022-06-01
244,2022-06-03
244,2022-08-27
244,2022-09-11
244,2022-11-03
244,2022-11-14
245,2022-07-14
245,2022-07-30
245,2022-08-03
245,2022-08-11
245,2022-08-25
245,2022-09-03
246,2022-12-21
246,2023-04-14
246,2023-04-30
246,2023-05-20
247,2022-08-25
247,2022-09-20
247,2022-10-06
247,2022-10-09
247,2022-10-11
247,2022-10-11
247,2022-10-13
247,2022-10-18
247,2022-10-19
247,2023-01-04
248,2022-11-25
248,2022-12-28
248,2023-01-08
248,2023-02-02
248,2023-02-15
248,2023-04-22
248,2023-04-28
249,2022-08-23
249,2022-09-25
250,2022-02-16
251,2023-02-08
251,2023-03-07
251,2023-03-12
251,2023-03-30
251,2023-04-30
251,2023-05-15
252,2022-12-26
252,2023-02-21
252,2023-03-03
252,2023-04-13
252,2023-04-18
252,2023-05-22
252,2023-05-28
253,2022-08-21
253,2022-09-07
253,2022-09-18
254,2022-11-18
254,2022-12-31
254,2023-02-09
254,2023-02-19
254,2023-03-21
255,2022-07-09
255,2022-08-09
255,2022-10-10
255,2022-10-31
256,2022-12-04
256,2023-02-13
256,2023-02-13
256,2023-03-09
256,2023-03-20
257,2022-04-23
257,2022-06-15
257,2022-08-08
258,2022-09-23
258,2022-10-13
258,2022-10-13
258,2022-11-25
258,2023-03-02
259,2022-10-01
259,2022-12-26
259,2023-01-02
260,2022-07-24
260,2022-11-08
261,2023-02-03
262,2022-04-24
262,2022-06-21
262,2022-07-15
262,2022-08-27
263,2022-04-16
264,2022-01-31
264,2022-02-20
264,2022-02-28
264,2022-03-29
264,2022-05-22
265,2022-11-15
265,2022-12-08
265,2022-12-16
265,2023-02-25
265,2023-03-02
266,2022-09-19
266,2022-10-11
266,2022-10-12
266,2023-02-19
266,2023-02-27
267,2022-07-09
267,2022-07-23
267,2022-08-28
267,2022-08-29
267,2022-09-19
267,2022-10-15
268,2022-02-08
268,2022-02-11
268,2022-03-26
268,2022-03-29
268,2022-04-09
268,2022-04-16
268,2022-04-19
268,2022-04-27
268,2022-04-30
268,2022-06-26
268,2022-07-24
269,2022-07-10
269,2022-08-30
269,2022-09-12
269,2022-09-29
269,2022-10-14
269,2022-11-01
270,2022-03-08
270,2022-04-01
270,2022-05-09
270,2022-05-22
270,2022-06-14
270,2022-07-04
271,2022-10-02
271,2022-10-23
271,2022-11-08
271,2022-12-21
271,2023-01-14
272,2022-04-30
272,2022-06-04
272,2022-08-01
272,2022-08-06
273,2022-06-07
273,2022-07-18
273,2022-08-06
273,2022-08-09
273,2022-09-16
273,2022-09-27
273,2022-09-29
274,2022-12-02
274,2022-12-19
274,2022-12-28
274,2022-12-31
274,2023-02-19
274,2023-02-27
275,2022-08-28
275,2022-09-11
275,2023-01-09
276,2022-06-03
276,2022-06-08
276,2022-07-12
276,2022-07-31
276,2022-08-23
276,2022-10-05
277,2022-06-06
277,2022-07-28
277,2022-08-08
277,2022-11-03
278,2022-02-24
278,2022-03-04
278,2022-03-29
278,2022-05-22
278,2022-05-31
278,2022-07-03
279,2022-05-19
279,2022-06-09
279,2022-08-15
279,2022-09-24
279,2022-10-03
280,2022-07-06
280,2022-08-15
280,2022-10-21
280,2022-11-06
281,2022-05-05
281,2022-06-17
281,2022-06-29
281,2022-07-17
281,2022-09-26
281,2022-09-29
282,2022-03-22
282,2022-04-29
282,2022-05-03
282,2022-05-22
282,2022-06-06
282,2022-07-06
282,2022-07-30
282,2022-08-26
283,2022-05-19
283,2022-06-15
283,2022-07-16
283,2022-08-14
283,2022-08-27
283,2022-10-02
283,2022-10-17
284,2022-05-22
284,2022-05-24
284,2022-08-02
284,2022-08-04
284,2022-09-11
284,2022-09-28
284,2022-09-30
284,2022-10-08
285,2023-02-06
285,2023-03-25
286,2022-11-10
286,2022-11-11
286,2023-03-07
287,2022-10-16
287,2022-10-18
287,2022-10-30
287,2022-11-24
287,2022-12-12
287,2022-12-23
287,2023-02-04
288,2022-05-19
288,2022-05-28
288,2022-05-30
288,2022-07-27
288,2022-08-12
288,2022-09-05
289,2022-06-05
289,2022-07-24
289,2022-08-09
290,2022-06-05
290,2022-08-03
290,2022-09-07
290,2022-10-14
290,2022-10-18
290,2022-10-29
291,2022-12-17
291,2023-02-07
291,2023-04-14
291,2023-05-29
292,2022-12-24
292,2023-03-05
292,2023-04-15
293,2022-08-02
293,2022-08-04
293,2022-08-08
293,2022-09-06
293,2022-11-29
293,2022-12-12
294,2022-12-11
294,2022-12-30
294,2023-02-09
294,2023-02-23
294,2023-03-18
295,2022-06-17
295,2022-07-16
295,2022-07-20
295,2022-09-28
295,2022-10-26
296,2022-08-24
296,2022-09-10
296,2022-10-21
296,2022-11-15
296,2022-11-19
296,2022-12-14
296,2023-01-02
296,2023-01-07
297,2022-07-05
297,2022-10-03
297,2022-10-29
298,2022-10-02
298,2022-10-09
298,2022-10-25
298,2022-11-18
298,2022-11-20
299,2022-07-04
299,2022-07-13
299,2022-07-29
299,2022-08-02
300,2022-12-02
300,2022-12-15
300,2022-12-18
300,2023-01-16
300,2023-01-21
300,2023-02-21
300,2023-03-05
300,2023-03-26
300,2023-04-09
300,2023-04-10
301,2022-10-10
301,2022-10-29
301,2022-11-21
301,2022-12-11
302,2022-11-24
302,2022-11-25
302,2022-12-23
302,2022-12-25
302,2023-01-11
302,2023-02-27
302,2023-03-03
302,2023-03-23
302,2023-04-04
303,2022-05-29
303,2022-06-13
303,2022-07-10
303,2022-09-22
303,2022-09-30
303,2022-10-30
303,2022-11-03
303,2022-11-04
304,2022-07-19
304,2022-08-04
304,2022-08-18
304,2022-10-25
305,2022-05-10
305,2022-06-16
305,2022-07-05
305,2022-07-06
305,2022-07-08
305,2022-07-10
305,2022-07-13
305,2022-07-29
305,2022-09-16
306,2022-03-22
306,2022-04-04
306,2022-06-11
306,2022-06-18
307,2022-10-26
308,2022-03-10
308,2022-06-23
309,2022-09-23
309,2022-10-08
309,2022-10-23
309,2022-11-04
309,2022-11-25
309,2022-12-02
310,2022-06-14
310,2022-06-17
310,2022-06-19
310,2022-06-22
310,2022-07-30
310,2022-08-07
310,2022-08-21
310,2022-11-23
310,2022-11-23
311,2022-02-08
311,2022-03-01
311,2022-04-09
311,2022-05-07
311,2022-06-01
311,2022-06-26
311,2022-07-02
311,2022-08-03
312,2022-08-30
312,2022-12-05
312,2022-12-17
312,2023-01-13
312,2023-01-19
312,2023-01-20
312,2023-02-06
313,2022-12-31
313,2023-01-27
313,2023-03-24
313,2023-03-24
313,2023-04-10
313,2023-05-15
313,2023-06-09
314,2022-02-21
314,2022-02-27
314,2022-04-16
314,2022-05-07
314,2022-06-03
314,2022-06-09
314,2022-07-15
314,2022-07-26
315,2022-10-10
315,2022-10-17
315,2023-03-15
316,2023-01-08
316,2023-01-12
316,2023-03-01
316,2023-03-02
316,2023-03-21
317,2022-03-15
317,2022-06-24
317,2022-07-03
318,2023-01-12
318,2023-01-19
319,2022-10-06
319,2022-12-27
319,2023-01-10
319,2023-02-05
320,2022-11-09
320,2022-12-02
320,2022-12-10
320,2023-01-07
320,2023-01-30
320,2023-02-22
320,2023-02-28
320,2023-03-13
321,2022-04-27
321,2022-06-04
321,2022-06-20
321,2022-07-02
321,2022-07-04
321,2022-08-04
321,2022-08-17
321,2022-09-22
321,2022-09-25
322,2022-10-14
322,2023-01-22
322,2023-03-02
322,2023-03-09
323,2022-12-25
323,2023-01-10
323,2023-03-04
323,2023-03-11
323,2023-04-22
324,2022-11-07
324,2022-11-28
324,2022-12-09
324,2022-12-12
324,2023-01-13
324,2023-02-15
324,2023-03-07
324,2023-03-27
324,2023-03-29
324,2023-04-06
324,2023-04-16
325,2022-06-03
325,2022-07-02
325,2022-07-22
325,2022-08-07
325,2022-08-22
325,2022-09-22
325,2022-11-05
325,2022-11-21
326,2022-01-15
326,2022-01-20
326,2022-02-14
326,2022-03-08
326,2022-06-29
327,2022-02-23
327,2022-03-09
327,2022-04-02
327,2022-05-22
328,2022-07-25
328,2022-10-02
328,2022-11-18
329,2022-06-01
329,2022-06-07
329,2022-07-06
329,2022-07-18
330,2022-02-13
330,2022-02-24
330,2022-06-03
331,2022-07-16
331,2022-09-14
331,2022-09-29
332,2022-08-18
332,2022-08-29
332,2022-09-07
332,2022-12-04
332,2022-12-15
333,2022-08-05
333,2022-09-13
333,2022-09-26
333,2022-11-05
333,2022-11-25
334,2022-02-23
334,2022-03-08
334,2022-04-12
334,2022-05-31
335,2022-01-23
335,2022-02-12
335,2022-02-13
335,2022-02-22
335,2022-03-17
335,2022-03-22
335,2022-03-23
335,2022-03-28
335,2022-04-04
335,2022-05-29
335,2022-06-26
336,2022-04-14
336,2022-05-10
336,2022-05-31
336,2022-06-09
336,2022-06-19
336,2022-07-13
336,2022-08-06
336,2022-08-17
336,2022-09-05
336,2022-09-11
336,2022-09-21
336,2022-09-21
337,2022-09-20
337,2022-10-11
337,2022-10-28
337,2022-11-21
338,2022-02-18
338,2022-03-22
338,2022-06-12
338,2022-06-17
338,2022-07-05
339,2022-12-26
339,2023-02-12
339,2023-03-19
340,2023-01-06
340,2023-04-02
340,2023-06-06
341,2022-10-30
341,2022-11-13
341,2023-02-24
341,2023-03-22
341,2023-04-02
342,2022-08-21
342,2022-09-18
342,2022-10-15
342,2022-10-23
342,2022-11-04
342,2022-11-19
342,2022-12-14
342,2022-12-26
343,2022-04-05
343,2022-05-18
343,2022-07-24
344,2022-04-17
344,2022-05-10
345,2022-09-16
345,2022-11-19
345,2022-12-08
346,2022-05-12
346,2022-07-19
346,2022-07-29
346,2022-10-02
346,2022-10-13
347,2022-08-27
347,2022-10-05
347,2022-11-01
347,2022-11-01
347,2022-11-25
347,2022-12-05
347,2023-01-02
348,2022-12-21
348,2023-02-12
349,2022-07-16
349,2022-07-22
349,2022-08-16
349,2022-10-02
349,2022-12-03
350,2022-10-10
350,2022-12-04
350,2022-12-20
350,2022-12-25
350,2023-01-19
350,2023-03-01
351,2022-12-19
351,2023-02-02
351,2023-03-09
351,2023-04-04
351,2023-04-11
351,2023-04-22
352,2022-06-02
352,2022-07-19
352,2022-08-19
352,2022-09-02
352,2022-10-02
353,2022-02-01
353,2022-02-12
353,2022-03-02
353,2022-05-02
353,2022-06-29
354,2022-12-12
354,2023-01-04
354,2023-01-27
354,2023-02-13
354,2023-02-15
354,2023-03-14
355,2022-09-17
355,2022-11-28
355,2022-12-04
355,2022-12-31
356,2022-05-03
356,2022-06-09
356,2022-06-15
356,2022-07-05
357,2022-03-03
357,2022-04-04
357,2022-04-22
357,2022-04-23
357,2022-04-28
357,2022-05-26
357,2022-06-08
357,2022-06-28
357,2022-08-25
358,2022-11-20
358,2023-03-02
359,2023-03-11
359,2023-03-25
359,2023-06-10
360,2022-07-14
360,2022-07-23
360,2022-08-13
360,2022-09-06
360,2022-09-19
360,2022-10-29
360,2022-12-01
361,2022-10-28
361,2022-12-24
361,2023-01-13
361,2023-03-04
361,2023-03-21
362,2022-07-10
362,2022-07-13
362,2022-09-15
362,2022-10-06
362,2022-10-13
363,2022-10-20
363,2022-12-02
363,2022-12-11
363,2022-12-13
363,2023-03-22
363,2023-03-26
364,2022-12-20
364,2022-12-21
364,2022-12-24
364,2023-04-18
364,2023-04-21
364,2023-05-02
365,2022-09-07
365,2022-09-29
365,2022-10-24
365,2022-10-25
365,2022-11-06
365,2022-11-09
366,2022-06-07
366,2022-07-03
366,2022-09-11
366,2022-09-24
366,2022-09-25
366,2022-10-17
367,2022-07-13
367,2022-10-13
367,2022-10-25
368,2022-10-14
368,2022-10-23
368,2022-11-13
368,2023-03-07
368,2023-03-19
369,2022-05-13
369,2022-06-09
369,2022-08-16
369,2022-09-06
370,2023-01-31
370,2023-02-28
370,2023-04-14
371,2022-09-08
371,2022-09-17
371,2022-10-04
371,2022-12-17
371,2023-01-26
371,2023-01-31
372,2022-08-06
372,2022-08-30
372,2022-10-08
372,2022-10-25
372,2022-11-10
373,2022-02-10
373,2022-02-18
373,2022-02-21
373,2022-02-25
373,2022-04-08
373,2022-04-21
373,2022-04-24
373,2022-05-05
373,2022-05-31
373,2022-06-24
374,2022-07-13
374,2022-07-18
374,2022-10-08
374,2022-11-21
375,2022-09-13
375,2022-09-14
375,2022-10-21
375,2022-11-27
375,2022-12-11
375,2022-12-11
375,2022-12-28
376,2022-01-31
376,2022-02-10
376,2022-02-12
376,2022-03-20
376,2022-04-10
376,2022-04-25
376,2022-06-18
377,2023-01-16
377,2023-02-17
377,2023-04-29
377,2023-05-01
377,2023-05-24
378,2022-11-13
378,2022-11-18
378,2022-12-14
378,2023-03-05
378,2023-03-22
379,2022-01-20
379,2022-03-22
379,2022-04-12
380,2023-01-26
380,2023-02-20
380,2023-04-18
381,2022-11-27
381,2022-11-29
381,2023-01-11
381,2023-02-22
381,2023-05-01
381,2023-05-02
381,2023-05-07
382,2022-02-20
382,2022-02-23
382,2022-03-06
382,2022-03-21
382,2022-05-15
382,2022-06-30
383,2022-07-29
383,2022-08-30
383,2022-09-02
383,2022-10-15
383,2022-11-15
383,2022-12-02
384,2022-02-10
384,2022-02-22
384,2022-03-02
384,2022-03-04
384,2022-03-28
384,2022-04-06
384,2022-07-03
385,2023-02-09
385,2023-03-24
385,2023-04-24
385,2023-04-28
386,2022-10-06
386,2022-10-07
386,2022-11-05
386,2022-11-19
386,2022-12-25
386,2023-02-11
387,2022-08-17
387,2022-09-27
388,2022-08-01
388,2022-10-23
389,2022-04-25
389,2022-05-18
389,2022-07-16
389,2022-07-16
389,2022-08-09
390,2023-02-07
390,2023-03-04
390,2023-06-08
391,2022-11-27
391,2022-12-12
391,2022-12-15
391,2022-12-27
391,2022-12-29
391,2023-02-21
391,2023-03-22
391,2023-05-02
392,2022-11-10
392,2022-11-24
392,2023-01-02
392,2023-01-29
392,2023-03-23
392,2023-03-25
393,2022-08-22
393,2022-09-10
393,2022-10-01
393,2022-11-06
393,2023-01-25
394,2022-12-31
394,2023-02-23
394,2023-03-01
394,2023-03-18
394,2023-03-20
394,2023-03-27
394,2023-04-11
394,2023-04-24
394,2023-05-05
395,2022-03-13
395,2022-03-27
395,2022-06-26
395,2022-08-02
395,2022-08-11
396,2022-08-21
396,2022-08-27
396,2022-09-13
396,2022-10-02
396,2022-10-19
396,2022-10-23
396,2022-10-23
396,2022-10-28
397,2022-08-17
397,2022-08-27
397,2022-10-10
397,2022-12-20
398,2022-03-20
398,2022-04-03
398,2022-04-15
398,2022-06-08
398,2022-06-10
399,2022-08-09
399,2022-11-26
399,2022-12-23
400,2022-05-26
400,2022-07-12
400,2022-07-15
400,2022-08-01
400,2022-10-24
401,2022-07-22
401,2022-08-12
401,2022-11-12
402,2022-11-17
402,2022-12-08
402,2023-01-18
402,2023-01-29
402,2023-02-01
402,2023-03-01
402,2023-04-15
402,2023-05-07
403,2022-03-02
403,2022-03-17
403,2022-03-18
403,2022-05-10
403,2022-08-12
404,2023-01-28
404,2023-03-03
404,2023-03-26
404,2023-03-28
405,2022-11-26
405,2022-12-13
405,2023-01-16
405,2023-03-31
405,2023-04-05
406,2022-07-09
406,2022-07-09
406,2022-08-05
406,2022-08-09
406,2022-11-29
406,2022-11-30
407,2022-08-09
407,2022-08-29
407,2022-09-25
407,2022-10-14
407,2022-10-16
407,2022-12-10
408,2023-01-06
408,2023-01-11
408,2023-01-13
408,2023-02-17
408,2023-03-18
408,2023-05-05
409,2022-10-20
409,2022-10-23
409,2022-10-25
409,2022-10-26
409,2022-11-20
409,2022-11-23
409,2023-01-02
409,2023-01-16
409,2023-02-27
409,2023-03-19
410,2022-05-12
410,2022-05-26
410,2022-06-04
410,2022-06-12
410,2022-08-14
410,2022-08-20
411,2022-04-17
411,2022-05-02
411,2022-06-30
411,2022-07-06
411,2022-09-26
412,2022-09-21
412,2022-11-11
412,2023-02-28
412,2023-03-01
413,2022-02-22
413,2022-02-25
413,2022-05-03
414,2022-03-27
414,2022-04-01
414,2022-05-17
414,2022-06-29
414,2022-07-24
414,2022-08-03
414,2022-08-04
415,2022-04-21
415,2022-05-04
415,2022-09-29
416,2022-01-16
416,2022-01-26
416,2022-02-09
416,2022-03-11
416,2022-04-22
417,2022-05-01
417,2022-05-26
417,2022-06-21
417,2022-07-07
417,2022-07-22
417,2022-09-05
417,2022-09-11
418,2022-07-29
418,2022-08-12
418,2022-09-28
418,2022-11-08
418,2022-11-28
418,2022-12-10
418,2022-12-22
419,2022-10-06
419,2023-03-09
420,2023-01-10
420,2023-03-08
420,2023-04-07
420,2023-04-22
420,2023-05-01
420,2023-05-02
421,2022-12-24
421,2023-01-26
421,2023-02-06
421,2023-02-27
421,2023-04-13
421,2023-05-14
421,2023-05-24
421,2023-06-06
421,2023-06-10
421,2023-06-12
422,2022-02-25
422,2022-05-09
422,2022-05-18
422,2022-06-26
423,2023-02-03
423,2023-03-14
423,2023-03-15
423,2023-04-21
423,2023-05-01
423,2023-06-13
423,2023-06-17
424,2022-11-21
424,2023-01-16
424,2023-01-16
424,2023-02-16
424,2023-04-24
425,2022-11-15
425,2022-12-23
425,2023-01-20
425,2023-01-31
425,2023-02-23
425,2023-04-06
425,2023-04-21
426,2022-10-04
426,2022-11-10
427,2022-10-23
427,2022-11-23
427,2023-02-18
428,2022-08-03
429,2022-05-31
429,2022-06-21
429,2022-06-22
429,2022-08-29
429,2022-09-16
430,2022-08-27
430,2022-08-27
430,2022-09-25
430,2022-10-02
430,2022-11-01
431,2022-06-30
431,2022-07-18
431,2022-09-14
431,2022-09-17
431,2022-10-20
432,2022-06-12
432,2022-06-21
432,2022-06-26
432,2022-08-08
432,2022-08-14
432,2022-08-24
432,2022-09-24
432,2022-10-18
433,2022-06-05
433,2022-09-30
434,2022-12-10
434,2022-12-12
434,2022-12-30
434,2023-01-25
434,2023-02-07
434,2023-04-26
434,2023-05-06
435,2022-11-27
435,2022-12-17
435,2022-12-27
435,2023-01-12
435,2023-02-24
435,2023-02-27
435,2023-03-08
436,2022-05-21
436,2022-06-24
436,2022-08-14
436,2022-09-18
436,2022-09-24
437,2022-04-07
437,2022-04-12
437,2022-05-14
437,2022-06-18
437,2022-08-22
438,2023-01-08
438,2023-05-05
438,2023-05-29
439,2022-10-21
439,2022-10-30
439,2022-12-28
439,2023-01-05
439,2023-02-05
440,2022-07-23
440,2022-08-20
440,2022-08-29
440,2022-09-19
441,2023-02-10
441,2023-03-19
441,2023-04-06
441,2023-04-09
442,2022-11-08
442,2022-12-24
442,2023-01-17
442,2023-02-28
442,2023-03-16
443,2022-06-06
443,2022-06-14
443,2022-06-23
443,2022-08-19
444,2022-05-12
444,2022-05-23
444,2022-07-20
444,2022-09-10
445,2022-03-03
445,2022-04-19
445,2022-05-06
445,2022-06-05
445,2022-06-27
446,2022-05-10
446,2022-05-12
446,2022-06-12
446,2022-08-08
446,2022-08-19
446,2022-08-26
446,2022-08-29
446,2022-09-19
446,2022-10-12
447,2022-01-23
447,2022-02-25
447,2022-03-01
447,2022-05-10
448,2022-09-26
448,2022-11-23
448,2023-02-20
448,2023-02-21
449,2023-02-23
449,2023-03-18
450,2022-06-13
450,2022-06-19
450,2022-06-26
450,2022-06-28
450,2022-08-01
451,2022-07-12
451,2022-08-18
451,2022-09-10
451,2022-09-26
452,2022-05-27
452,2022-06-15
452,2022-07-08
452,2022-08-16
452,2022-09-18
452,2022-10-23
453,2022-02-23
453,2022-02-26
453,2022-07-21
453,2022-08-08
454,2022-04-24
454,2022-06-12
454,2022-06-18
454,2022-08-03
454,2022-08-28
454,2022-09-19
455,2022-09-14
455,2022-10-17
455,2022-11-22
455,2022-12-05
455,2023-02-16
456,2022-10-05
456,2022-10-25
456,2022-11-02
456,2022-11-23
456,2023-01-10
456,2023-01-29
456,2023-02-06
457,2022-08-18
457,2022-09-20
457,2022-11-01
457,2022-11-07
458,2022-07-13
458,2022-08-27
458,2022-10-17
458,2022-11-03
458,2022-11-03
458,2023-01-01
459,2022-04-28
459,2022-05-27
459,2022-05-30
459,2022-07-03
459,2022-08-07
460,2022-11-20
460,2022-12-22
460,2023-01-17
460,2023-02-12
461,2023-01-17
461,2023-03-02
461,2023-03-03
461,2023-03-17
461,2023-03-22
461,2023-04-14
462,2022-09-17
462,2022-10-11
462,2023-02-03
463,2022-05-11
463,2022-06-13
463,2022-06-18
464,2022-06-19
464,2022-08-21
464,2022-09-23
464,2022-10-10
464,2022-10-12
464,2022-11-20
465,2022-06-01
465,2022-07-28
465,2022-08-31
465,2022-09-05
465,2022-09-07
465,2022-11-04
465,2022-11-09
466,2022-03-27
466,2022-03-30
466,2022-04-22
466,2022-05-24
466,2022-06-16
466,2022-07-29
466,2022-08-05
466,2022-09-13
467,2022-08-06
467,2022-09-03
467,2022-09-11
467,2022-09-28
468,2022-11-19
468,2023-02-01
468,2023-03-30
468,2023-03-31
469,2022-10-04
469,2022-10-13
469,2022-10-17
469,2022-11-13
470,2022-03-18
470,2022-04-20
470,2022-05-24
470,2022-05-26
470,2022-08-05
470,2022-08-31
470,2022-09-04
470,2022-09-04
471,2022-03-07
472,2022-06-07
472,2022-07-25
473,2022-10-27
473,2022-11-16
474,2022-08-21
474,2022-09-22
475,2022-08-27
475,2022-09-09
475,2022-09-30
475,2022-10-01
475,2022-11-23
475,2022-11-27
475,2022-12-02
475,2022-12-08
475,2022-12-30
475,2023-01-24
476,2023-02-09
476,2023-04-14
476,2023-06-03
477,2022-04-13
477,2022-04-22
477,2022-04-28
477,2022-05-18
477,2022-07-28
478,2022-05-02
479,2022-11-16
479,2022-12-12
479,2022-12-24
479,2023-01-04
479,2023-01-07
479,2023-01-28
479,2023-02-21
479,2023-03-04
479,2023-03-10
479,2023-03-14
480,2022-10-06
480,2022-10-07
480,2022-10-24
480,2022-11-28
481,2022-09-16
481,2022-10-28
481,2022-11-04
481,2022-11-14
481,2022-12-06
481,2022-12-09
482,2022-12-25
482,2023-01-22
482,2023-01-23
482,2023-02-03
482,2023-02-18
482,2023-03-03
482,2023-03-14
483,2022-01-28
483,2022-02-01
483,2022-05-05
484,2022-10-27
484,2022-11-01
484,2022-11-19
484,2022-12-30
484,2023-02-23
485,2022-01-22
485,2022-01-24
485,2022-02-14
485,2022-05-03
485,2022-05-16
485,2022-05-19
486,2022-09-27
486,2022-11-15
486,2022-12-12
487,2023-02-16
487,2023-03-10
487,2023-05-07
488,2022-06-10
488,2022-06-16
488,2022-08-08
488,2022-08-24
489,2022-11-03
489,2022-12-29
489,2023-02-02
489,2023-03-10
489,2023-03-17
489,2023-03-22
490,2022-08-14
490,2022-09-18
490,2022-10-26
490,2022-10-26
490,2022-11-07
490,2022-11-23
491,2022-08-25
491,2022-08-29
491,2022-11-08
492,2022-09-23
492,2022-09-25
492,2022-10-18
492,2022-11-08
492,2022-11-21
492,2023-02-14
492,2023-03-02
493,2022-06-05
493,2022-06-20
493,2022-07-14
493,2022-07-19
493,2022-07-27
493,2022-09-21
493,2022-10-02
493,2022-10-17
493,2022-10-30
494,2022-05-01
494,2022-05-20
494,2022-06-07
494,2022-06-22
494,2022-08-04
494,2022-09-13
495,2022-10-13
495,2022-11-01
495,2022-12-30
495,2023-01-31
496,2022-12-13
496,2023-01-07
496,2023-02-07
496,2023-02-09
496,2023-02-12
496,2023-02-15
496,2023-03-24
496,2023-03-30
497,2022-01-15
497,2022-01-21
497,2022-01-25
497,2022-02-23
497,2022-03-15
497,2022-04-13
497,2022-04-30
497,2022-05-06
497,2022-07-02
498,2022-01-26
498,2022-03-25
498,2022-05-26
498,2022-05-30
498,2022-06-07
499,2022-10-23
499,2022-12-17
499,2023-03-04
499,2023-03-04
499,2023-03-09
500,2022-12-11
500,2023-01-04
500,2023-03-26
500,2023-03-30
500,2023-04-02
500,2023-04-25
500,2023-04-25
500,2023-05-19
501,2022-11-27
501,2022-12-10
501,2022-12-18
502,2022-09-16
502,2022-09-22
502,2022-09-24
502,2022-11-06
502,2022-11-26
502,2023-01-16
502,2023-01-19
502,2023-01-31
502,2023-02-01
503,2022-06-28
503,2022-07-28
503,2022-09-03
503,2022-10-15
503,2022-10-21
503,2022-10-23
503,2022-11-09
503,2022-11-22
504,2023-01-18
504,2023-02-17
504,2023-04-03
505,2022-07-08
505,2022-07-21
506,2022-07-14
506,2022-07-29
506,2022-08-04
506,2022-08-22
506,2022-10-30
507,2022-07-07
507,2022-07-13
507,2022-11-28
507,2022-12-08
508,2022-02-03
508,2022-02-19
508,2022-03-06
508,2022-04-26
508,2022-07-12
508,2022-07-26
509,2022-07-27
509,2022-08-19
509,2022-10-30
509,2022-11-12
509,2022-12-16
510,2022-04-29
510,2022-05-03
510,2022-05-22
510,2022-06-03
510,2022-06-14
510,2022-07-13
510,2022-09-04
511,2022-10-12
511,2022-11-20
511,2023-01-14
512,2023-02-02
512,2023-02-03
512,2023-02-08
512,2023-03-06
512,2023-03-28
512,2023-04-23
513,2022-03-31
513,2022-06-01
513,2022-07-18
514,2022-07-18
514,2022-08-28
515,2023-01-16
515,2023-02-10
515,2023-05-13
516,2022-02-18
516,2022-03-23
516,2022-06-18
517,2022-02-23
517,2022-04-18
517,2022-05-31
517,2022-06-24
518,2023-02-11
518,2023-03-11
518,2023-03-28
519,2022-02-24
519,2022-04-11
519,2022-04-22
519,2022-05-31
519,2022-06-13
520,2022-04-13
520,2022-04-16
521,2022-12-25
521,2023-01-14
521,2023-02-08
521,2023-02-11
521,2023-02-14
521,2023-02-17
522,2022-10-30
522,2022-11-22
522,2022-12-19
522,2022-12-23
523,2022-09-03
523,2023-01-19
524,2022-02-28
524,2022-03-11
524,2022-04-24
524,2022-05-12
524,2022-07-17
525,2022-08-30
525,2022-10-17
525,2022-10-21
525,2022-11-03
525,2023-01-18
525,2023-01-19
525,2023-01-22
525,2023-01-27
526,2022-12-19
526,2023-02-28
526,2023-03-03
526,2023-03-24
527,2022-05-18
527,2022-05-28
527,2022-06-06
527,2022-08-03
527,2022-08-07
527,2022-09-23
528,2022-11-07
528,2023-03-07
529,2022-05-21
529,2022-05-27
529,2022-06-17
529,2022-06-27
529,2022-07-24
529,2022-07-25
529,2022-08-04
529,2022-09-07
529,2022-09-13
530,2022-04-15
530,2022-06-22
530,2022-08-28
530,2022-09-02
531,2022-06-15
531,2022-06-25
531,2022-08-02
531,2022-09-17
531,2022-10-05
532,2022-05-18
532,2022-06-21
532,2022-08-09
533,2022-08-24
533,2022-08-25
534,2022-12-09
534,2023-01-26
534,2023-02-02
534,2023-02-09
534,2023-03-02
534,2023-03-25
535,2022-06-20
535,2022-07-01
536,2022-05-04
536,2022-05-17
536,2022-08-09
536,2022-08-23
537,2022-08-10
537,2022-08-25
537,2022-09-30
537,2022-10-14
537,2022-11-07
537,2022-12-11
538,2022-10-08
538,2022-10-28
538,2023-01-31
538,2023-03-08
539,2022-10-15
539,2022-10-30
539,2022-11-11
539,2022-12-23
539,2023-01-10
539,2023-02-05
539,2023-02-24
539,2023-03-04
540,2022-07-01
540,2022-07-24
540,2022-08-17
540,2022-09-01
540,2022-10-08
540,2022-10-25
541,2022-12-24
541,2023-02-23
541,2023-06-15
542,2022-07-24
542,2022-08-08
542,2022-08-30
542,2022-09-17
542,2022-11-19
542,2022-12-09
542,2022-12-10
542,2022-12-15
543,2022-08-23
543,2022-08-29
543,2022-09-15
543,2022-11-01
543,2022-12-21
543,2023-01-17
544,2022-07-05
544,2022-08-11
544,2022-10-12
544,2022-10-26
544,2022-11-01
544,2022-12-19
545,2022-07-20
546,2022-03-30
546,2022-04-16
546,2022-04-17
546,2022-04-27
546,2022-07-16
546,2022-07-26
547,2022-05-10
547,2022-08-20
547,2022-10-01
548,2022-06-23
548,2022-07-18
548,2022-10-03
548,2022-10-26
548,2022-10-28
548,2022-11-06
548,2022-11-13
549,2022-09-02
549,2022-10-12
549,2022-10-17
550,2022-10-19
550,2022-11-09
550,2022-11-25
551,2022-09-25
551,2022-10-08
551,2022-12-08
551,2022-12-15
551,2023-01-20
551,2023-02-06
552,2022-02-12
552,2022-03-28
552,2022-04-13
552,2022-04-22
552,2022-05-09
552,2022-06-30
552,2022-07-31
553,2022-11-15
553,2022-12-02
553,2023-02-05
553,2023-02-08
554,2022-08-05
554,2022-08-10
554,2022-08-24
554,2022-08-26
554,2022-10-17
554,2022-12-16
554,2022-12-24
555,2022-01-18
555,2022-01-29
555,2022-06-25
556,2022-12-10
556,2022-12-21
556,2023-04-03
557,2022-08-17
557,2022-09-12
557,2022-10-12
557,2022-10-27
557,2022-11-15
557,2022-12-22
558,2023-01-29
558,2023-03-10
558,2023-04-17
558,2023-04-27
558,2023-06-11
559,2023-04-25
560,2022-11-01
560,2022-11-22
560,2022-12-17
560,2022-12-21
560,2022-12-22
560,2022-12-26
560,2023-03-21
561,2022-11-13
561,2022-12-08
561,2023-02-15
561,2023-02-21
562,2022-04-20
562,2022-04-23
562,2022-05-13
562,2022-06-03
562,2022-06-23
562,2022-08-14
563,2022-04-30
563,2022-05-27
563,2022-06-11
563,2022-08-09
563,2022-09-10
564,2022-11-10
564,2022-11-14
564,2023-01-07
564,2023-01-14
565,2022-12-31
565,2023-02-03
565,2023-03-08
565,2023-03-11
565,2023-05-04
565,2023-05-11
566,2022-08-22
566,2022-08-27
566,2022-11-25
566,2022-12-06
567,2022-01-22
567,2022-02-26
567,2022-05-24
567,2022-07-16
568,2022-07-16
568,2022-08-03
568,2022-10-05
568,2022-11-27
569,2022-05-04
569,2022-05-22
569,2022-07-21
569,2022-08-16
569,2022-09-12
569,2022-09-15
570,2022-10-10
570,2022-12-28
571,2022-03-18
571,2022-03-26
571,2022-08-22
571,2022-08-25
572,2022-09-22
572,2022-09-26
572,2022-10-06
572,2022-10-17
572,2022-12-02
572,2022-12-20
572,2023-01-22
572,2023-02-12
573,2022-10-13
574,2022-09-24
574,2022-10-22
574,2022-11-03
574,2022-12-26
574,2023-01-06
575,2022-08-18
575,2022-08-30
575,2022-09-25
575,2022-10-07
575,2022-11-03
575,2022-12-03
576,2022-03-21
576,2022-05-11
576,2022-07-08
576,2022-07-24
577,2022-12-18
577,2023-03-16
577,2023-05-09
577,2023-05-12
577,2023-05-19
577,2023-05-29
578,2022-07-04
578,2022-07-04
578,2022-08-03
578,2022-09-05
578,2022-10-03
578,2022-10-05
578,2022-11-03
579,2022-04-03
579,2022-05-21
580,2022-04-14
580,2022-06-05
580,2022-06-14
580,2022-06-17
580,2022-08-11
581,2022-02-17
581,2022-03-30
581,2022-05-16
581,2022-05-20
581,2022-05-21
581,2022-06-02
582,2022-03-17
582,2022-03-17
582,2022-03-28
582,2022-04-07
582,2022-05-09
582,2022-07-25
583,2022-06-10
583,2022-06-14
583,2022-08-17
583,2022-09-22
583,2022-10-21
584,2022-07-03
584,2022-07-21
584,2022-09-03
584,2022-11-17
585,2022-03-17
585,2022-06-22
585,2022-07-02
585,2022-07-07
585,2022-08-04
585,2022-08-08
586,2022-03-09
586,2022-03-15
586,2022-04-02
586,2022-04-28
587,2022-07-28
587,2022-08-03
587,2022-08-05
587,2022-08-12
588,2022-08-04
588,2022-12-26
589,2022-02-27
589,2022-03-31
589,2022-04-05
589,2022-04-24
589,2022-05-01
589,2022-05-06
589,2022-05-11
589,2022-07-19
590,2022-07-06
590,2022-08-14
590,2022-09-24
590,2022-11-04
590,2022-11-13
590,2022-11-21
590,2022-11-25
591,2022-10-30
591,2022-11-24
591,2022-12-21
592,2022-05-30
592,2022-08-23
592,2022-08-29
592,2022-09-03
592,2022-09-12
592,2022-09-21
592,2022-10-01
592,2022-10-18
593,2022-08-02
593,2022-11-05
594,2022-07-01
594,2022-08-07
594,2022-08-08
594,2022-09-25
594,2022-10-01
594,2022-12-01
595,2022-09-16
595,2022-10-10
595,2022-11-28
595,2022-12-13
595,2022-12-17
595,2023-01-08
596,2022-09-06
596,2022-09-07
596,2022-12-17
596,2022-12-23
597,2022-10-05
597,2022-10-16
597,2022-12-30
597,2023-01-06
597,2023-02-01
598,2022-12-27
598,2023-01-29
599,2022-05-28
599,2022-06-24
599,2022-07-19
599,2022-07-31
599,2022-08-04
599,2022-09-20
599,2022-10-13
599,2022-11-03
600,2022-10-11
600,2022-11-19
600,2022-12-02
600,2022-12-04
600,2022-12-07
600,2022-12-08
600,2023-01-19
600,2023-02-22
601,2022-03-24
601,2022-04-15
601,2022-05-12
601,2022-06-22
601,2022-07-05
602,2022-02-03
602,2022-02-04
602,2022-02-17
602,2022-04-01
602,2022-05-16
602,2022-06-27
602,2022-07-05
603,2022-03-26
603,2022-05-25
603,2022-06-18
603,2022-06-28
603,2022-07-09
603,2022-07-25
603,2022-09-07
604,2022-10-05
604,2022-10-09
604,2022-10-18
604,2023-01-04
604,2023-01-31
604,2023-02-17
605,2022-08-23
605,2022-09-03
605,2022-09-12
605,2022-10-26
605,2022-10-30
605,2023-01-04
605,2023-01-14
605,2023-01-21
605,2023-01-31
606,2022-04-05
606,2022-05-24
606,2022-05-27
606,2022-07-03
607,2022-07-05
607,2022-07-26
607,2022-07-27
607,2022-08-12
608,2022-07-26
608,2022-08-01
608,2022-08-31
608,2022-09-13
608,2022-10-14
609,2022-06-28
609,2022-07-15
609,2022-07-23
609,2022-07-27
609,2022-09-01
609,2022-10-24
610,2022-07-30
610,2022-07-31
610,2022-08-17
610,2022-09-21
610,2022-11-08
610,2022-11-28
611,2022-11-09
611,2022-12-14
611,2023-03-10
611,2023-03-24
612,2022-05-26
612,2022-06-18
612,2022-07-05
612,2022-07-07
613,2022-08-08
613,2022-08-25
613,2022-10-20
613,2022-10-26
613,2022-11-12
614,2022-02-19
614,2022-03-21
614,2022-05-15
614,2022-06-11
615,2022-05-02
615,2022-07-06
615,2022-07-08
615,2022-07-14
616,2022-06-15
616,2022-07-04
616,2022-08-10
616,2022-09-22
616,2022-09-24
616,2022-10-24
616,2022-12-10
617,2022-12-29
617,2023-04-04
617,2023-04-13
617,2023-05-13
618,2022-06-19
618,2022-07-02
618,2022-07-11
618,2022-07-30
618,2022-09-07
618,2022-10-15
619,2023-02-21
619,2023-05-03
619,2023-05-10
619,2023-06-07
620,2022-12-25
620,2023-01-02
620,2023-02-13
620,2023-03-05
620,2023-03-08
620,2023-05-07
620,2023-05-09
621,2022-12-22
621,2023-01-12
621,2023-02-22
622,2022-06-17
622,2022-07-12
622,2022-08-06
623,2022-12-08
623,2022-12-21
623,2023-01-16
624,2022-08-23
624,2022-08-24
624,2022-11-05
624,2022-11-15
624,2022-12-24
624,2023-01-09
625,2022-11-14
625,2023-01-08
625,2023-04-05
625,2023-04-06
626,2022-05-22
626,2022-07-24
626,2022-08-04
626,2022-08-07
626,2022-08-10
626,2022-10-02
627,2022-10-30
627,2022-11-03
627,2022-11-03
627,2023-04-04
628,2022-04-06
628,2022-05-15
628,2022-07-22
628,2022-08-05
628,2022-08-10
629,2022-09-09
629,2022-11-02
629,2022-12-20
630,2022-10-18
630,2022-10-25
630,2022-10-30
630,2022-11-29
630,2022-12-31
630,2023-01-15
630,2023-01-18
630,2023-02-20
630,2023-03-14
631,2023-01-09
631,2023-01-29
631,2023-02-20
631,2023-03-25
631,2023-03-31
631,2023-04-07
631,2023-04-14
631,2023-06-05
632,2022-07-29
632,2022-10-15
632,2022-10-16
632,2022-10-22
632,2022-12-01
632,2022-12-12
633,2022-06-30
634,2022-04-18
634,2022-05-20
634,2022-08-01
634,2022-08-14
634,2022-08-17
634,2022-09-04
635,2022-12-04
635,2022-12-06
636,2023-02-24
636,2023-02-27
636,2023-05-16
637,2022-03-07
637,2022-04-14
637,2022-06-16
638,2022-02-11
638,2022-04-17
638,2022-06-28
639,2022-08-14
639,2022-10-01
639,2022-10-15
640,2022-08-03
640,2022-09-10
641,2022-06-01
641,2022-08-28
641,2022-10-07
642,2023-01-11
642,2023-01-18
642,2023-02-01
642,2023-02-17
643,2022-10-16
643,2022-11-30
644,2022-05-29
644,2022-08-15
644,2022-09-02
645,2022-04-24
645,2022-06-13
645,2022-06-30
645,2022-07-27
645,2022-08-01
645,2022-08-07
646,2022-06-20
646,2022-07-19
646,2022-09-10
646,2022-09-22
646,2022-10-06
646,2022-10-10
647,2022-11-19
647,2022-12-08
647,2022-12-19
647,2023-03-19
647,2023-05-06
648,2023-02-17
648,2023-04-13
648,2023-04-17
648,2023-05-07
649,2022-04-18
649,2022-04-21
649,2022-05-28
650,2023-01-16
650,2023-03-29
650,2023-04-02
650,2023-05-13
651,2022-08-02
651,2022-08-02
651,2022-09-24
651,2022-10-24
651,2022-11-01
652,2022-08-06
652,2022-09-15
652,2022-11-09
652,2022-12-03
653,2022-11-09
653,2022-11-13
653,2022-12-31
653,2023-02-20
653,2023-05-02
654,2022-04-28
654,2022-07-28
654,2022-08-05
654,2022-08-15
655,2022-05-21
655,2022-05-30
655,2022-06-14
655,2022-06-15
655,2022-06-22
655,2022-07-09
655,2022-09-16
656,2022-03-23
656,2022-04-21
656,2022-05-04
656,2022-05-21
656,2022-08-19
657,2022-03-18
657,2022-03-24
657,2022-04-07
657,2022-05-02
657,2022-05-15
657,2022-05-19
657,2022-07-27
658,2022-06-27
658,2022-07-01
658,2022-09-14
658,2022-10-12
658,2022-10-14
658,2022-11-17
659,2022-06-18
659,2022-06-20
659,2022-09-29
659,2022-10-25
660,2022-08-16
660,2022-08-16
660,2022-10-03
660,2022-10-17
660,2022-10-28
660,2022-10-31
661,2022-12-04
661,2023-01-09
661,2023-01-26
661,2023-02-13
661,2023-02-23
661,2023-03-27
661,2023-04-01
662,2022-12-23
663,2022-08-25
663,2022-10-05
663,2022-10-16
663,2022-10-20
663,2022-10-27
663,2022-11-03
663,2022-11-16
664,2022-04-09
664,2022-04-22
664,2022-08-07
664,2022-09-06
665,2022-09-12
665,2022-09-23
665,2022-11-15
665,2022-11-30
665,2022-12-11
665,2022-12-19
665,2023-01-03
666,2022-09-30
666,2023-01-03
667,2022-10-20
667,2022-11-28
667,2022-12-23
667,2022-12-29
667,2023-01-12
667,2023-01-22
667,2023-02-06
667,2023-02-10
668,2022-09-23
668,2022-09-29
668,2022-10-31
668,2022-11-14
668,2022-11-17
668,2022-11-24
668,2022-11-29
668,2023-01-22
669,2022-09-16
669,2022-10-30
669,2022-12-05
670,2022-10-15
670,2022-11-11
670,2022-11-18
670,2022-12-18
670,2022-12-28
670,2023-01-05
671,2022-06-03
671,2022-06-15
671,2022-06-17
671,2022-07-02
671,2022-07-04
671,2022-07-11
671,2022-08-12
671,2022-09-26
671,2022-11-21
672,2022-02-22
672,2022-03-14
672,2022-05-21
672,2022-07-10
673,2022-03-31
673,2022-06-08
673,2022-06-26
673,2022-07-27
673,2022-07-31
674,2022-08-31
674,2022-10-29
674,2022-11-30
674,2022-12-21
674,2023-01-05
674,2023-01-27
674,2023-02-11
674,2023-02-13
675,2022-11-19
675,2023-01-03
675,2023-01-06
675,2023-01-21
675,2023-01-22
676,2022-02-21
676,2022-05-06
676,2022-07-03
676,2022-07-09
677,2022-06-12
677,2022-06-28
677,2022-09-15
677,2022-11-02
678,2022-04-03
678,2022-05-07
679,2022-03-18
679,2022-06-24
680,2022-09-27
681,2022-08-11
681,2022-08-19
681,2022-08-28
681,2022-10-10
681,2022-11-06
682,2022-05-19
682,2022-06-01
683,2023-01-01
683,2023-02-10
683,2023-02-14
683,2023-03-29
683,2023-04-23
683,2023-05-11
683,2023-05-16
684,2022-10-20
684,2022-10-21
684,2022-11-22
684,2022-11-22
684,2022-11-26
684,2022-11-26
684,2023-01-15
685,2022-10-08
685,2022-10-29
685,2022-11-19
685,2022-12-14
685,2022-12-21
685,2022-12-29
685,2023-01-07
685,2023-01-16
685,2023-02-14
685,2023-02-20
686,2022-12-27
686,2022-12-29
686,2023-03-19
686,2023-05-05
686,2023-06-05
687,2022-06-18
687,2022-07-20
687,2022-07-30
687,2022-08-24
687,2022-10-26
687,2022-10-31
688,2022-01-26
688,2022-03-14
688,2022-04-14
688,2022-05-18
689,2022-06-03
689,2022-07-31
689,2022-09-11
689,2022-09-19
690,2022-12-25
690,2023-01-30
690,2023-02-14
690,2023-03-17
690,2023-04-05
691,2022-07-25
691,2022-08-25
691,2022-09-20
691,2022-09-27
691,2022-10-11
691,2022-10-14
692,2022-05-06
692,2022-08-11
693,2022-06-20
693,2022-06-30
693,2022-07-14
693,2022-08-25
693,2022-08-29
693,2022-11-07
694,2022-08-09
694,2022-08-12
694,2022-11-20
695,2022-11-21
695,2022-12-12
695,2023-01-05
695,2023-03-19
695,2023-03-21
696,2022-06-28
696,2022-08-15
696,2022-09-05
696,2022-09-16
696,2022-09-22
696,2022-10-09
696,2022-10-20
696,2022-11-16
696,2022-11-19
697,2022-03-10
697,2022-04-02
697,2022-06-09
697,2022-06-15
698,2022-08-29
698,2022-09-06
698,2022-10-28
698,2022-11-12
698,2022-12-11
698,2022-12-14
698,2023-01-02
699,2023-01-15
699,2023-01-17
699,2023-03-12
699,2023-05-23
699,2023-06-06
700,2022-03-10
700,2022-03-20
700,2022-03-23
700,2022-06-20
700,2022-07-15
700,2022-07-30
701,2022-09-26
701,2022-11-17
701,2023-02-06
702,2022-08-31
702,2022-09-29
702,2022-10-09
702,2022-11-07
702,2022-11-24
702,2022-12-15
703,2022-07-08
703,2022-09-06
703,2022-09-25
703,2022-10-08
703,2022-11-08
704,2022-09-05
704,2022-11-30
704,2023-01-02
705,2022-09-30
705,2022-10-10
705,2022-10-19
705,2022-12-02
705,2023-01-11
706,2022-09-13
706,2022-10-23
706,2022-12-17
706,2022-12-17
706,2023-01-06
707,2022-11-23
707,2023-02-19
708,2022-04-20
708,2022-06-19
708,2022-07-02
709,2022-02-28
709,2022-03-31
709,2022-04-15
709,2022-05-19
709,2022-06-02
709,2022-06-17
709,2022-07-04
710,2022-10-10
710,2022-10-16
710,2022-11-18
710,2023-02-25
711,2022-04-19
711,2022-05-12
711,2022-06-15
711,2022-07-01
711,2022-07-04
711,2022-09-08
712,2022-09-27
712,2022-10-03
712,2022-10-21
712,2022-11-16
713,2022-07-16
713,2022-07-30
713,2022-08-07
713,2022-08-12
713,2022-09-18
713,2022-09-30
713,2022-10-03
713,2022-11-01
713,2022-11-25
714,2022-11-26
714,2022-12-10
714,2023-03-17
715,2022-01-29
715,2022-02-08
715,2022-02-15
715,2022-02-26
715,2022-05-18
715,2022-05-19
715,2022-05-21
715,2022-06-03
716,2022-11-08
716,2022-11-22
716,2022-12-09
716,2022-12-27
716,2022-12-30
716,2023-01-18
716,2023-02-21
716,2023-03-28
716,2023-03-31
716,2023-05-02
717,2022-11-01
717,2022-11-24
717,2023-02-06
717,2023-02-28
717,2023-03-09
718,2022-10-10
718,2022-12-17
718,2022-12-22
718,2023-02-04
719,2022-09-26
719,2022-11-09
719,2022-11-16
719,2022-11-21
719,2023-02-12
719,2023-03-05
720,2023-01-12
720,2023-01-22
720,2023-02-15
720,2023-03-06
720,2023-03-13
720,2023-05-23
720,2023-06-04
721,2022-02-14
721,2022-03-04
721,2022-04-10
721,2022-04-26
721,2022-06-21
722,2022-07-11
722,2022-08-05
722,2022-09-07
723,2022-10-29
723,2022-11-22
724,2022-03-19
724,2022-03-23
724,2022-03-25
724,2022-04-03
724,2022-08-14
725,2022-06-19
725,2022-09-30
725,2022-10-30
726,2022-08-14
726,2022-11-05
726,2023-01-03
727,2022-09-15
727,2022-09-30
727,2022-10-18
727,2022-12-14
727,2023-02-17
728,2022-08-12
728,2022-09-17
728,2022-09-24
728,2022-12-14
728,2022-12-22
729,2022-10-12
729,2022-10-21
729,2022-11-01
729,2022-11-20
729,2022-12-09
729,2022-12-09
729,2022-12-20
729,2023-01-14
730,2023-01-08
730,2023-01-22
730,2023-03-12
730,2023-04-26
730,2023-04-30
730,2023-05-07
730,2023-05-13
731,2022-10-16
731,2022-11-20
732,2022-04-05
732,2022-04-21
732,2022-04-23
732,2022-05-05
732,2022-08-27
733,2022-09-19
733,2022-09-25
733,2022-09-30
733,2022-10-07
733,2022-10-18
733,2022-10-31
733,2023-01-08
733,2023-01-23
733,2023-01-25
734,2022-12-15
734,2022-12-23
734,2023-01-31
734,2023-02-06
734,2023-03-06
734,2023-04-19
735,2022-11-20
735,2022-12-16
735,2022-12-29
735,2023-01-16
735,2023-01-31
735,2023-02-23
736,2022-10-24
736,2023-01-10
736,2023-01-18
736,2023-01-28
736,2023-02-05
736,2023-02-06
737,2022-08-05
737,2022-10-25
737,2022-12-09
738,2022-04-16
738,2022-04-20
738,2022-08-29
739,2022-06-04
739,2022-08-29
739,2022-09-02
739,2022-09-07
740,2022-07-27
740,2022-09-07
740,2022-09-16
741,2023-02-22
741,2023-02-23
741,2023-03-26
741,2023-04-01
742,2022-02-24
742,2022-04-04
742,2022-04-11
742,2022-04-14
742,2022-05-01
742,2022-05-11
743,2022-08-09
743,2022-09-25
744,2022-12-17
744,2022-12-30
744,2023-01-18
744,2023-04-25
744,2023-05-09
745,2022-05-26
745,2022-10-31
745,2022-11-03
746,2023-01-15
746,2023-03-01
746,2023-03-05
746,2023-03-07
746,2023-04-01
747,2022-11-17
747,2022-12-05
747,2022-12-14
747,2023-01-06
748,2022-07-01
749,2022-03-03
749,2022-03-04
749,2022-03-08
749,2022-05-20
750,2022-08-04
750,2022-10-19
751,2022-08-27
751,2022-09-11
751,2022-09-28
751,2022-11-01
751,2023-01-11
752,2022-04-29
752,2022-05-01
752,2022-05-05
752,2022-05-29
752,2022-07-20
752,2022-08-26
752,2022-08-28
753,2022-06-16
753,2022-08-24
753,2022-09-07
753,2022-09-10
753,2022-09-26
754,2022-04-10
754,2022-04-16
754,2022-05-21
754,2022-05-26
754,2022-07-10
755,2022-03-27
755,2022-04-18
755,2022-05-14
755,2022-05-28
755,2022-07-05
755,2022-08-02
756,2022-03-05
756,2022-04-05
756,2022-06-29
757,2022-02-25
757,2022-05-26
757,2022-06-08
758,2022-09-08
758,2022-10-17
758,2022-11-24
759,2022-09-14
759,2022-10-04
759,2022-10-09
759,2022-10-23
759,2022-11-23
759,2022-11-25
759,2023-01-18
760,2022-10-10
760,2022-10-12
760,2023-01-16
760,2023-02-19
760,2023-03-08
761,2022-12-20
761,2022-12-27
761,2023-01-15
761,2023-02-02
761,2023-02-14
761,2023-03-16
762,2022-03-01
762,2022-05-02
762,2022-05-12
763,2023-01-20
763,2023-02-07
763,2023-03-06
763,2023-03-26
763,2023-04-06
763,2023-04-30
763,2023-06-06
764,2022-04-27
764,2022-05-05
764,2022-05-22
764,2022-10-01
765,2022-03-29
765,2022-05-08
765,2022-05-20
765,2022-05-22
766,2022-02-11
766,2022-03-03
766,2022-04-21
766,2022-05-04
766,2022-05-10
767,2022-06-12
767,2022-08-14
767,2022-09-13
767,2022-10-04
768,2022-09-08
768,2022-09-30
768,2022-11-09
768,2022-12-15
768,2023-01-27
769,2022-07-06
769,2022-09-09
769,2022-11-24
770,2022-05-18
770,2022-06-22
770,2022-06-28
770,2022-07-17
770,2022-08-16
770,2022-10-08
771,2022-10-16
771,2022-10-22
771,2022-11-10
771,2023-03-09
772,2022-12-07
772,2023-01-09
772,2023-03-03
773,2022-11-11
773,2023-03-13
774,2022-03-19
774,2022-03-27
774,2022-04-01
774,2022-04-28
775,2022-12-02
775,2023-01-31
776,2022-08-21
776,2022-10-04
776,2022-10-13
776,2023-01-31
777,2022-09-08
777,2022-10-02
777,2023-02-14
778,2022-11-25
778,2022-12-21
778,2022-12-27
778,2023-01-08
778,2023-01-23
778,2023-03-19
778,2023-04-05
778,2023-05-05
779,2022-05-06
779,2022-06-06
779,2022-10-08
780,2022-10-05
780,2023-01-07
780,2023-01-14
781,2022-11-13
781,2022-12-29
781,2023-01-26
781,2023-01-31
781,2023-03-04
782,2022-08-26
782,2022-09-09
782,2022-09-24
782,2022-12-31
782,2023-01-01
783,2022-09-02
783,2022-10-09
783,2022-10-30
783,2022-11-29
783,2022-12-13
783,2022-12-21
783,2023-01-21
784,2023-02-24
784,2023-02-24
784,2023-04-06
784,2023-04-07
784,2023-05-02
784,2023-05-09
785,2022-05-11
785,2022-06-14
785,2022-08-18
785,2022-08-24
785,2022-08-25
786,2022-03-17
786,2022-06-29
786,2022-07-01
786,2022-07-16
786,2022-08-06
787,2022-04-19
787,2022-05-01
787,2022-08-31
787,2022-09-17
788,2022-09-09
788,2022-09-30
788,2022-10-05
789,2022-10-09
789,2023-01-14
789,2023-01-14
789,2023-01-21
789,2023-03-03
790,2022-09-01
790,2022-11-02
790,2022-12-14
790,2022-12-25
791,2022-10-23
791,2022-12-16
791,2022-12-17
791,2022-12-18
791,2023-04-02
792,2022-12-15
792,2023-01-07
792,2023-01-22
792,2023-02-22
792,2023-04-21
792,2023-04-30
793,2022-04-11
793,2022-05-05
793,2022-05-28
793,2022-08-01
794,2022-12-04
794,2023-01-07
794,2023-01-31
794,2023-02-05
794,2023-04-11
795,2022-10-26
795,2023-01-10
795,2023-02-11
795,2023-02-21
796,2022-12-11
796,2022-12-26
796,2022-12-29
796,2023-01-07
796,2023-01-10
796,2023-01-29
796,2023-02-26
796,2023-04-01
797,2023-01-25
797,2023-02-01
797,2023-02-05
797,2023-02-27
797,2023-03-19
797,2023-05-01
797,2023-05-05
798,2022-12-04
798,2022-12-19
798,2023-01-22
798,2023-02-23
799,2022-10-27
799,2022-12-28
799,2023-02-08
799,2023-02-14
799,2023-03-01
800,2022-08-20
800,2022-08-22
800,2022-10-12
801,2022-12-07
801,2023-01-22
801,2023-03-07
801,2023-03-23
801,2023-04-04
801,2023-04-11
801,2023-05-29
802,2022-02-24
802,2022-05-31
802,2022-06-07
803,2022-09-15
803,2022-10-04
803,2022-10-15
803,2022-11-04
803,2022-11-24
803,2022-11-29
803,2023-01-08
804,2022-05-06
804,2022-06-01
804,2022-07-13
804,2022-08-05
804,2022-08-20
804,2022-08-23
804,2022-09-03
804,2022-09-09
804,2022-09-12
804,2022-09-23
805,2022-02-21
805,2022-03-08
805,2022-03-10
805,2022-03-11
805,2022-04-30
805,2022-05-19
805,2022-06-23
806,2022-03-25
806,2022-06-15
806,2022-07-20
806,2022-07-27
806,2022-08-23
806,2022-09-02
806,2022-09-10
807,2022-05-23
807,2022-05-24
807,2022-06-13
807,2022-07-08
807,2022-07-23
807,2022-08-08
808,2022-10-21
808,2022-10-25
808,2022-11-13
809,2022-06-05
809,2022-07-15
809,2022-08-22
809,2022-10-13
809,2022-11-13
810,2022-07-03
810,2022-07-08
810,2022-08-04
810,2022-08-12
810,2022-11-02
810,2022-11-04
811,2022-12-20
811,2023-02-02
811,2023-02-15
811,2023-04-05
811,2023-05-12
811,2023-05-22
812,2022-11-06
812,2022-12-01
812,2022-12-16
812,2023-01-19
812,2023-02-11
812,2023-03-17
813,2022-12-18
813,2023-02-07
813,2023-03-04
813,2023-03-06
813,2023-04-29
814,2022-04-07
814,2022-04-17
814,2022-06-08
814,2022-06-17
814,2022-07-24
814,2022-09-03
815,2022-02-25
815,2022-04-10
815,2022-05-07
815,2022-07-03
816,2022-11-06
816,2022-11-18
816,2022-12-13
816,2022-12-27
816,2023-01-14
817,2022-05-18
817,2022-06-24
817,2022-08-11
818,2022-07-29
818,2022-08-22
818,2022-09-30
818,2022-09-30
818,2022-10-04
818,2022-10-12
818,2022-10-20
818,2022-12-17
819,2022-05-06
819,2022-05-10
819,2022-05-15
819,2022-07-21
819,2022-08-10
819,2022-09-13
819,2022-10-06
819,2022-10-09
819,2022-10-11
820,2022-10-01
820,2022-10-21
820,2022-11-04
820,2022-12-21
820,2023-01-26
820,2023-02-09
821,2022-05-12
821,2022-05-31
821,2022-06-06
821,2022-07-25
822,2022-09-10
822,2022-11-18
822,2022-11-22
822,2022-12-09
823,2022-06-05
823,2022-06-13
823,2022-06-19
823,2022-07-03
823,2022-08-10
824,2022-11-14
824,2022-12-23
825,2022-05-31
825,2022-07-09
825,2022-11-06
826,2022-07-09
826,2022-09-14
826,2022-10-16
826,2022-12-27
827,2022-12-15
827,2022-12-29
827,2023-01-29
827,2023-02-11
827,2023-03-01
827,2023-04-27
828,2022-05-06
828,2022-08-02
828,2022-09-30
829,2022-02-18
829,2022-03-14
829,2022-06-20
830,2023-02-01
830,2023-06-04
830,2023-06-13
831,2022-07-19
831,2022-08-03
831,2022-08-14
831,2022-08-28
831,2022-10-29
831,2022-11-29
831,2022-12-27
832,2022-10-29
832,2022-11-05
832,2022-11-05
832,2022-12-11
833,2022-09-22
833,2022-10-22
833,2023-01-03
834,2023-01-11
834,2023-02-15
834,2023-06-07
834,2023-06-10
835,2022-07-14
835,2022-08-15
835,2022-11-13
835,2022-11-15
835,2022-12-07
836,2022-07-30
836,2022-08-12
836,2022-09-19
836,2022-10-25
837,2022-04-20
837,2022-05-16
837,2022-07-10
837,2022-07-26
837,2022-08-01
837,2022-09-03
837,2022-09-04
838,2022-08-06
838,2022-09-17
838,2022-10-10
839,2022-03-19
839,2022-05-11
839,2022-07-24
839,2022-08-15
840,2022-05-02
840,2022-07-24
840,2022-08-23
840,2022-09-10
840,2022-10-08
840,2022-10-14
840,2022-10-23
841,2022-03-04
841,2022-04-03
841,2022-06-10
841,2022-06-27
841,2022-06-29
841,2022-08-01
842,2022-11-17
842,2023-03-16
842,2023-03-21
843,2022-03-22
843,2022-03-25
843,2022-04-19
843,2022-04-21
843,2022-04-26
843,2022-05-06
844,2022-09-20
845,2022-08-25
845,2022-10-10
845,2022-10-23
845,2022-10-31
846,2023-03-02
846,2023-03-04
846,2023-03-06
846,2023-04-11
846,2023-05-11
847,2022-02-07
847,2022-04-23
847,2022-06-09
848,2022-12-19
848,2022-12-26
848,2023-03-04
848,2023-03-17
848,2023-03-26
848,2023-04-25
848,2023-05-03
848,2023-05-13
849,2022-03-18
849,2022-03-21
849,2022-03-29
849,2022-04-03
849,2022-05-07
849,2022-06-21
850,2022-05-13
850,2022-06-07
850,2022-06-30
850,2022-08-07
850,2022-08-16
850,2022-10-16
850,2022-11-01
851,2022-09-25
851,2022-10-10
851,2022-11-09
851,2022-12-17
851,2023-01-15
852,2022-04-21
852,2022-04-30
852,2022-05-11
852,2022-06-02
853,2022-12-30
853,2023-04-17
854,2022-02-24
854,2022-05-30
854,2022-08-02
854,2022-08-10
855,2022-03-12
855,2022-04-14
855,2022-05-05
855,2022-05-08
855,2022-05-15
855,2022-05-24
855,2022-06-13
855,2022-07-06
856,2022-04-11
856,2022-09-01
857,2022-09-03
857,2023-01-06
857,2023-01-10
858,2022-10-30
858,2022-11-03
858,2022-12-09
858,2023-02-26
859,2022-03-21
859,2022-04-14
859,2022-05-16
859,2022-06-12
859,2022-07-29
859,2022-08-15
860,2022-10-10
860,2022-10-19
860,2023-03-06
860,2023-03-15
860,2023-04-04
861,2022-12-01
861,2023-02-05
861,2023-02-10
862,2022-03-07
862,2022-03-10
862,2022-04-04
862,2022-08-14
863,2022-05-04
863,2022-07-17
863,2022-09-18
864,2022-08-22
864,2022-08-24
864,2022-08-30
864,2022-12-10
864,2022-12-27
864,2023-01-08
865,2022-11-04
865,2022-11-05
865,2022-12-29
865,2023-01-12
866,2022-03-17
866,2022-05-17
866,2022-05-23
866,2022-07-05
867,2022-12-30
867,2023-01-17
867,2023-01-19
867,2023-01-31
867,2023-02-15
867,2023-03-20
868,2022-04-28
868,2022-05-18
868,2022-06-12
868,2022-06-18
869,2022-11-18
869,2022-12-07
869,2022-12-23
869,2023-01-21
869,2023-03-20
869,2023-05-13
870,2022-02-23
870,2022-03-04
870,2022-04-06
870,2022-07-11
871,2022-03-27
871,2022-05-06
871,2022-08-09
872,2022-12-11
872,2022-12-19
872,2023-01-07
872,2023-01-07
872,2023-01-19
872,2023-01-22
872,2023-03-26
873,2022-01-28
873,2022-01-31
873,2022-03-18
873,2022-04-10
873,2022-04-23
873,2022-06-28
874,2022-12-29
874,2023-01-02
874,2023-01-15
874,2023-03-09
875,2022-10-02
875,2022-10-05
875,2022-10-25
875,2022-11-18
875,2022-11-20
875,2023-01-01
875,2023-02-27
875,2023-03-03
876,2022-02-27
876,2022-03-09
876,2022-04-15
876,2022-04-17
876,2022-05-08
876,2022-05-10
876,2022-06-14
876,2022-06-29
877,2022-05-01
877,2022-06-29
877,2022-07-24
877,2022-09-07
877,2022-09-19
877,2022-09-24
878,2023-02-20
878,2023-04-12
878,2023-04-21
878,2023-05-02
879,2022-10-30
879,2022-12-22
879,2023-01-19
879,2023-03-06
880,2022-07-14
880,2022-07-17
880,2022-08-26
880,2022-10-01
880,2022-10-16
880,2022-10-19
881,2022-09-25
881,2022-10-26
881,2022-11-01
881,2022-12-19
882,2022-11-06
882,2022-11-23
882,2022-12-19
882,2023-01-22
882,2023-03-07
882,2023-03-12
883,2022-08-07
883,2022-08-31
883,2022-09-21
884,2022-03-06
884,2022-06-26
884,2022-06-28
885,2022-09-07
885,2022-09-20
886,2022-04-03
886,2022-06-19
886,2022-06-22
887,2022-03-01
887,2022-03-03
888,2022-03-28
888,2022-04-21
888,2022-05-20
888,2022-06-29
888,2022-07-24
889,2022-08-15
889,2022-09-20
889,2022-12-26
890,2023-01-06
890,2023-01-14
890,2023-01-24
890,2023-02-02
890,2023-02-03
890,2023-04-18
891,2022-08-12
891,2022-08-29
891,2022-10-01
891,2022-10-29
892,2022-03-07
892,2022-03-13
892,2022-03-23
893,2022-09-24
893,2022-10-27
894,2022-11-25
894,2022-12-12
894,2023-03-09
894,2023-03-11
894,2023-04-12
894,2023-04-20
894,2023-05-06
895,2022-03-05
895,2022-03-06
895,2022-04-24
895,2022-05-26
895,2022-06-14
895,2022-06-14
895,2022-07-01
896,2022-01-31
896,2022-03-16
896,2022-03-21
896,2022-04-05
896,2022-04-12
896,2022-05-04
897,2022-04-29
897,2022-05-09
897,2022-09-02
897,2022-09-11
897,2022-10-10
898,2022-09-07
898,2022-09-14
898,2022-10-14
898,2022-11-18
898,2023-01-12
899,2023-02-07
899,2023-02-11
899,2023-04-10
899,2023-04-13
899,2023-05-05
899,2023-05-14
899,2023-06-24
900,2022-09-14
900,2022-10-03
900,2023-01-23
901,2022-10-09
901,2022-10-24
901,2022-11-21
901,2022-11-27
901,2022-12-02
901,2022-12-11
901,2022-12-30
901,2023-01-18
901,2023-02-03
901,2023-03-14
902,2022-11-29
902,2023-01-28
902,2023-03-18
903,2022-10-01
903,2022-10-10
903,2022-11-07
903,2022-11-29
903,2022-12-06
903,2022-12-09
903,2023-01-22
903,2023-02-02
903,2023-02-03
904,2022-01-30
904,2022-03-08
904,2022-05-02
904,2022-06-05
905,2022-08-20
905,2022-09-18
905,2022-12-04
905,2022-12-14
906,2022-05-22
906,2022-09-19
907,2022-02-26
907,2022-03-20
907,2022-04-02
907,2022-04-08
907,2022-06-18
907,2022-07-25
908,2022-08-07
908,2022-09-30
908,2022-10-05
908,2022-12-19
908,2023-01-03
909,2022-03-04
909,2022-04-25
909,2022-05-10
909,2022-05-26
909,2022-07-29
910,2022-10-18
910,2022-12-21
910,2023-01-22
911,2022-09-05
911,2022-09-24
911,2022-09-25
911,2022-10-01
911,2022-10-04
911,2022-10-10
911,2022-12-25
911,2022-12-30
911,2022-12-31
911,2023-01-22
912,2022-04-21
912,2022-05-16
912,2022-06-30
912,2022-07-15
912,2022-07-27
912,2022-07-27
912,2022-08-15
912,2022-09-10
913,2022-05-13
913,2022-05-16
913,2022-10-05
913,2022-10-20
914,2022-11-22
914,2022-12-10
914,2022-12-27
914,2023-02-08
915,2022-04-14
915,2022-04-16
915,2022-04-22
915,2022-05-31
915,2022-06-08
915,2022-07-20
916,2022-06-07
916,2022-07-03
916,2022-07-16
916,2022-09-28
916,2022-10-26
916,2022-11-13
916,2022-11-15
917,2022-01-30
917,2022-02-25
918,2022-08-21
918,2022-10-31
919,2022-02-02
919,2022-02-08
919,2022-02-17
919,2022-04-11
920,2022-05-18
920,2022-06-17
921,2022-05-22
921,2022-07-07
922,2022-09-10
922,2022-10-27
922,2022-11-16
922,2023-01-02
922,2023-01-28
922,2023-01-29
923,2022-04-24
923,2022-07-22
923,2022-08-19
924,2022-09-19
925,2022-05-11
925,2022-06-07
925,2022-06-16
925,2022-07-11
925,2022-07-28
925,2022-08-23
925,2022-09-15
926,2022-08-19
926,2022-08-23
926,2022-09-05
926,2022-09-10
926,2023-01-21
927,2022-05-27
927,2022-06-01
927,2022-06-20
927,2022-07-21
927,2022-10-12
928,2022-02-09
928,2022-03-10
928,2022-03-12
928,2022-03-26
928,2022-05-01
928,2022-06-25
929,2022-07-22
929,2022-08-05
929,2022-09-10
930,2022-10-17
930,2022-11-12
930,2022-11-22
930,2022-12-22
930,2023-01-03
931,2022-08-25
931,2022-08-27
931,2022-10-03
931,2022-11-11
931,2023-01-02
931,2023-01-03
932,2022-04-18
932,2022-06-13
932,2022-06-14
932,2022-08-07
932,2022-08-26
933,2022-04-06
933,2022-04-14
933,2022-07-05
934,2022-04-14
934,2022-05-25
934,2022-05-25
934,2022-06-24
934,2022-07-07
934,2022-09-16
935,2022-01-15
935,2022-03-10
935,2022-03-18
935,2022-04-20
935,2022-05-08
935,2022-05-28
935,2022-06-04
936,2022-06-30
936,2022-08-25
936,2022-11-04
936,2022-11-22
937,2022-10-11
937,2022-12-07
937,2023-01-23
937,2023-01-31
937,2023-02-14
938,2022-12-07
938,2022-12-20
938,2023-03-06
938,2023-03-23
938,2023-04-25
938,2023-04-30
939,2022-08-14
939,2022-08-26
939,2022-09-19
939,2022-09-30
939,2022-10-12
939,2022-11-19
939,2022-12-11
939,2022-12-31
940,2022-11-20
940,2023-02-27
940,2023-03-06
940,2023-03-09
940,2023-03-22
940,2023-04-03
941,2023-01-07
941,2023-01-09
941,2023-06-14
942,2022-08-26
942,2022-09-11
942,2022-09-13
943,2022-11-15
943,2022-12-09
943,2022-12-28
944,2022-06-02
944,2022-06-20
944,2022-06-26
944,2022-07-02
944,2022-07-07
944,2022-07-18
944,2022-09-07
944,2022-09-25
945,2023-01-08
945,2023-02-20
946,2022-12-19
947,2022-05-28
947,2022-06-04
947,2022-06-09
947,2022-06-19
947,2022-06-25
947,2022-06-26
947,2022-06-26
947,2022-08-22
947,2022-08-25
948,2022-05-03
948,2022-05-21
948,2022-05-22
948,2022-07-11
948,2022-07-18
948,2022-08-07
948,2022-08-29
948,2022-09-17
948,2022-10-10
949,2022-01-23
949,2022-03-15
949,2022-03-16
949,2022-03-17
949,2022-03-18
949,2022-03-22
950,2023-01-07
950,2023-01-19
950,2023-04-05
951,2023-01-17
951,2023-02-01
951,2023-02-03
951,2023-05-09
952,2022-12-04
952,2022-12-30
952,2022-12-31
952,2023-02-23
952,2023-03-13
952,2023-04-15
952,2023-04-20
952,2023-04-29
953,2023-01-30
953,2023-01-31
953,2023-02-07
953,2023-02-12
953,2023-05-01
953,2023-05-09
954,2022-04-09
954,2022-07-03
954,2022-08-26
955,2022-06-26
955,2022-07-22
955,2022-07-23
955,2022-09-24
956,2022-11-11
956,2022-11-22
956,2022-11-23
956,2023-02-10
956,2023-02-16
956,2023-04-15
957,2022-05-17
957,2022-07-13
957,2022-08-17
957,2022-09-04
958,2022-09-17
958,2022-09-23
958,2022-11-30
958,2023-01-14
958,2023-02-19
959,2022-10-14
959,2022-11-18
960,2022-03-04
960,2022-07-21
961,2022-03-04
961,2022-04-19
961,2022-05-31
961,2022-07-25
962,2022-10-08
962,2022-10-16
962,2022-10-31
962,2022-12-22
962,2023-02-11
963,2022-02-22
963,2022-06-11
964,2022-09-04
964,2022-11-18
964,2022-12-13
964,2022-12-16
964,2022-12-29
964,2023-01-19
965,2022-02-06
965,2022-05-06
965,2022-06-03
966,2022-11-26
966,2023-02-13
966,2023-04-11
967,2022-08-26
967,2022-11-09
967,2023-01-28
968,2022-03-18
968,2022-03-29
968,2022-05-17
968,2022-05-26
968,2022-06-08
969,2022-02-19
969,2022-03-03
969,2022-03-03
969,2022-03-19
969,2022-04-08
969,2022-05-24
970,2022-12-04
970,2023-01-25
970,2023-02-02
970,2023-03-18
970,2023-04-13
970,2023-04-22
970,2023-05-11
971,2022-06-03
971,2022-07-07
971,2022-07-30
971,2022-08-08
971,2022-10-21
972,2022-07-20
972,2022-09-06
972,2022-10-22
973,2022-04-15
973,2022-04-16
973,2022-06-03
973,2022-06-23
973,2022-07-01
973,2022-07-07
973,2022-07-07
973,2022-07-16
973,2022-08-28
973,2022-09-22
974,2022-03-25
974,2022-05-01
974,2022-07-06
974,2022-07-14
974,2022-07-22
975,2022-08-19
975,2022-08-31
975,2022-11-17
975,2023-01-08
976,2022-12-22
976,2023-01-26
976,2023-02-25
976,2023-05-23
977,2022-07-28
977,2022-08-14
977,2022-08-27
977,2022-10-16
977,2022-10-22
977,2022-10-27
977,2023-01-03
978,2022-02-09
978,2022-04-22
978,2022-07-22
979,2022-09-18
979,2022-10-24
979,2022-11-21
980,2022-11-10
980,2022-11-15
980,2022-12-19
980,2022-12-30
980,2023-01-27
980,2023-04-02
981,2022-05-23
981,2022-05-24
981,2022-06-12
981,2022-07-25
981,2022-09-09
981,2022-09-13
982,2022-12-08
982,2023-01-18
982,2023-01-23
982,2023-02-05
982,2023-02-14
982,2023-03-10
982,2023-04-11
982,2023-05-08
982,2023-05-20
983,2022-06-27
983,2022-08-18
984,2023-01-17
984,2023-01-27
984,2023-03-01
984,2023-03-19
984,2023-04-29
985,2022-10-07
985,2022-10-14
985,2023-03-05
986,2022-09-19
986,2022-10-06
986,2022-10-22
986,2022-10-25
987,2022-09-07
987,2022-12-02
987,2023-01-13
987,2023-02-06
987,2023-02-08
988,2022-01-29
988,2022-04-10
988,2022-06-08
988,2022-06-09
988,2022-06-18
989,2022-05-01
989,2022-05-18
989,2022-06-15
989,2022-07-25
989,2022-07-31
990,2022-07-04
990,2022-07-20
990,2022-08-14
990,2022-08-23
990,2022-08-29
990,2022-10-12
990,2022-10-17
991,2022-02-24
991,2022-03-21
991,2022-04-03
991,2022-05-12
991,2022-06-03
991,2022-07-22
991,2022-07-30
991,2022-08-05
992,2022-03-28
992,2022-04-07
992,2022-04-12
992,2022-05-01
992,2022-05-21
993,2022-04-04
993,2022-04-20
993,2022-07-04
993,2022-07-26
993,2022-08-29
994,2022-09-02
994,2022-09-09
994,2022-10-20
995,2022-12-27
995,2023-01-24
995,2023-02-18
995,2023-02-22
995,2023-04-20
995,2023-05-01
996,2022-02-18
996,2022-04-07
996,2022-05-10
996,2022-05-20
996,2022-07-31
996,2022-08-03
997,2022-10-30
997,2023-01-17
997,2023-02-08
997,2023-02-09
997,2023-03-06
997,2023-03-28
997,2023-04-03
997,2023-04-04
997,2023-04-10
998,2022-07-05
998,2022-08-23
998,2022-10-19
998,2022-10-21
998,2022-11-05
998,2022-11-08
999,2023-03-26
999,2023-04-02
999,2023-04-05
999,2023-04-25
999,2023-05-01
999,2023-05-22
1000,2022-12-03
1000,2023-01-04
1000,2023-01-14
1000,2023-01-16
1000,2023-04-01
1000,2023-04-02
1000,2023-05-17
